DS_Name,T,N,p,k,Bin,Cost,SDratio,correl,cancor1,cancor2,fract1,fract2,skewness,kurtosis,Hc,Hx,MCx,EnAtr,NSRatio,Alg_Name,binaryClass
0,690.0,690.0,14,2,4,0,1.2623,0.1024,0.7713,0.7410583333333334,1.0,0.7000416666666666,1.9701,12.5538,0.9912,2.3012,0.113,8.77168,19.3646,0,1
0,690.0,690.0,14,2,4,0,1.2623,0.1024,0.7713,0.7410583333333334,1.0,0.7000416666666666,1.9701,12.5538,0.9912,2.3012,0.113,8.77168,19.3646,1,1
0,690.0,690.0,14,2,4,0,1.2623,0.1024,0.7713,0.7410583333333334,1.0,0.7000416666666666,1.9701,12.5538,0.9912,2.3012,0.113,8.77168,19.3646,2,1
0,690.0,690.0,14,2,4,0,1.2623,0.1024,0.7713,0.7410583333333334,1.0,0.7000416666666666,1.9701,12.5538,0.9912,2.3012,0.113,8.77168,19.3646,3,1
0,690.0,690.0,14,2,4,0,1.2623,0.1024,0.7713,0.7410583333333334,1.0,0.7000416666666666,1.9701,12.5538,0.9912,2.3012,0.113,8.77168,19.3646,4,1
0,690.0,690.0,14,2,4,0,1.2623,0.1024,0.7713,0.7410583333333334,1.0,0.7000416666666666,1.9701,12.5538,0.9912,2.3012,0.113,8.77168,19.3646,5,1
0,690.0,690.0,14,2,4,0,1.2623,0.1024,0.7713,0.7410583333333334,1.0,0.7000416666666666,1.9701,12.5538,0.9912,2.3012,0.113,8.77168,19.3646,6,1
0,690.0,690.0,14,2,4,0,1.2623,0.1024,0.7713,0.7410583333333334,1.0,0.7000416666666666,1.9701,12.5538,0.9912,2.3012,0.113,8.77168,19.3646,7,1
0,690.0,690.0,14,2,4,0,1.2623,0.1024,0.7713,0.7410583333333334,1.0,0.7000416666666666,1.9701,12.5538,0.9912,2.3012,0.113,8.77168,19.3646,8,1
0,690.0,690.0,14,2,4,0,1.2623,0.1024,0.7713,0.7410583333333334,1.0,0.7000416666666666,1.9701,12.5538,0.9912,2.3012,0.113,8.77168,19.3646,9,1
0,690.0,690.0,14,2,4,0,1.2623,0.1024,0.7713,0.7410583333333334,1.0,0.7000416666666666,1.9701,12.5538,0.9912,2.3012,0.113,8.77168,19.3646,10,1
0,690.0,690.0,14,2,4,0,1.2623,0.1024,0.7713,0.7410583333333334,1.0,0.7000416666666666,1.9701,12.5538,0.9912,2.3012,0.113,8.77168,19.3646,11,1
0,690.0,690.0,14,2,4,0,1.2623,0.1024,0.7713,0.7410583333333334,1.0,0.7000416666666666,1.9701,12.5538,0.9912,2.3012,0.113,8.77168,19.3646,12,1
0,690.0,690.0,14,2,4,0,1.2623,0.1024,0.7713,0.7410583333333334,1.0,0.7000416666666666,1.9701,12.5538,0.9912,2.3012,0.113,8.77168,19.3646,13,1
0,690.0,690.0,14,2,4,0,1.2623,0.1024,0.7713,0.7410583333333334,1.0,0.7000416666666666,1.9701,12.5538,0.9912,2.3012,0.113,8.77168,19.3646,14,1
0,690.0,690.0,14,2,4,0,1.2623,0.1024,0.7713,0.7410583333333334,1.0,0.7000416666666666,1.9701,12.5538,0.9912,2.3012,0.113,8.77168,19.3646,15,1
0,690.0,690.0,14,2,4,0,1.2623,0.1024,0.7713,0.7410583333333334,1.0,0.7000416666666666,1.9701,12.5538,0.9912,2.3012,0.113,8.77168,19.3646,16,1
0,690.0,690.0,14,2,4,0,1.2623,0.1024,0.7713,0.7410583333333334,1.0,0.7000416666666666,1.9701,12.5538,0.9912,2.3012,0.113,8.77168,19.3646,17,1
0,690.0,690.0,14,2,4,0,1.2623,0.1024,0.7713,0.7410583333333334,1.0,0.7000416666666666,1.9701,12.5538,0.9912,2.3012,0.113,8.77168,19.3646,18,1
0,690.0,690.0,14,2,4,0,1.2623,0.1024,0.7713,0.7410583333333334,1.0,0.7000416666666666,1.9701,12.5538,0.9912,2.3012,0.113,8.77168,19.3646,19,1
0,690.0,690.0,14,2,4,0,1.2623,0.1024,0.7713,0.7410583333333334,1.0,0.7000416666666666,1.9701,12.5538,0.9912,2.3012,0.113,8.77168,19.3646,20,1
0,690.0,690.0,14,2,4,0,1.2623,0.1024,0.7713,0.7410583333333334,1.0,0.7000416666666666,1.9701,12.5538,0.9912,2.3012,0.113,8.77168,19.3646,21,1
0,690.0,690.0,14,2,4,0,1.2623,0.1024,0.7713,0.7410583333333334,1.0,0.7000416666666666,1.9701,12.5538,0.9912,2.3012,0.113,8.77168,19.3646,22,1
0,690.0,690.0,14,2,4,0,1.2623,0.1024,0.7713,0.7410583333333334,1.0,0.7000416666666666,1.9701,12.5538,0.9912,2.3012,0.113,8.77168,19.3646,23,1
1,16000.0,20000.0,7,2,0,0,1.0975,0.1146,0.6109,0.7410583333333334,1.0,0.7000416666666666,6.1012,93.1399,0.2893,2.7416,0.0495,5.84444,54.3859,0,1
1,16000.0,20000.0,7,2,0,0,1.0975,0.1146,0.6109,0.7410583333333334,1.0,0.7000416666666666,6.1012,93.1399,0.2893,2.7416,0.0495,5.84444,54.3859,1,1
1,16000.0,20000.0,7,2,0,0,1.0975,0.1146,0.6109,0.7410583333333334,1.0,0.7000416666666666,6.1012,93.1399,0.2893,2.7416,0.0495,5.84444,54.3859,2,1
1,16000.0,20000.0,7,2,0,0,1.0975,0.1146,0.6109,0.7410583333333334,1.0,0.7000416666666666,6.1012,93.1399,0.2893,2.7416,0.0495,5.84444,54.3859,3,1
1,16000.0,20000.0,7,2,0,0,1.0975,0.1146,0.6109,0.7410583333333334,1.0,0.7000416666666666,6.1012,93.1399,0.2893,2.7416,0.0495,5.84444,54.3859,4,1
1,16000.0,20000.0,7,2,0,0,1.0975,0.1146,0.6109,0.7410583333333334,1.0,0.7000416666666666,6.1012,93.1399,0.2893,2.7416,0.0495,5.84444,54.3859,5,1
1,16000.0,20000.0,7,2,0,0,1.0975,0.1146,0.6109,0.7410583333333334,1.0,0.7000416666666666,6.1012,93.1399,0.2893,2.7416,0.0495,5.84444,54.3859,6,0
1,16000.0,20000.0,7,2,0,0,1.0975,0.1146,0.6109,0.7410583333333334,1.0,0.7000416666666666,6.1012,93.1399,0.2893,2.7416,0.0495,5.84444,54.3859,7,1
1,16000.0,20000.0,7,2,0,0,1.0975,0.1146,0.6109,0.7410583333333334,1.0,0.7000416666666666,6.1012,93.1399,0.2893,2.7416,0.0495,5.84444,54.3859,8,0
1,16000.0,20000.0,7,2,0,0,1.0975,0.1146,0.6109,0.7410583333333334,1.0,0.7000416666666666,6.1012,93.1399,0.2893,2.7416,0.0495,5.84444,54.3859,9,1
1,16000.0,20000.0,7,2,0,0,1.0975,0.1146,0.6109,0.7410583333333334,1.0,0.7000416666666666,6.1012,93.1399,0.2893,2.7416,0.0495,5.84444,54.3859,10,1
1,16000.0,20000.0,7,2,0,0,1.0975,0.1146,0.6109,0.7410583333333334,1.0,0.7000416666666666,6.1012,93.1399,0.2893,2.7416,0.0495,5.84444,54.3859,11,1
1,16000.0,20000.0,7,2,0,0,1.0975,0.1146,0.6109,0.7410583333333334,1.0,0.7000416666666666,6.1012,93.1399,0.2893,2.7416,0.0495,5.84444,54.3859,12,1
1,16000.0,20000.0,7,2,0,0,1.0975,0.1146,0.6109,0.7410583333333334,1.0,0.7000416666666666,6.1012,93.1399,0.2893,2.7416,0.0495,5.84444,54.3859,13,1
1,16000.0,20000.0,7,2,0,0,1.0975,0.1146,0.6109,0.7410583333333334,1.0,0.7000416666666666,6.1012,93.1399,0.2893,2.7416,0.0495,5.84444,54.3859,14,1
1,16000.0,20000.0,7,2,0,0,1.0975,0.1146,0.6109,0.7410583333333334,1.0,0.7000416666666666,6.1012,93.1399,0.2893,2.7416,0.0495,5.84444,54.3859,15,1
1,16000.0,20000.0,7,2,0,0,1.0975,0.1146,0.6109,0.7410583333333334,1.0,0.7000416666666666,6.1012,93.1399,0.2893,2.7416,0.0495,5.84444,54.3859,16,1
1,16000.0,20000.0,7,2,0,0,1.0975,0.1146,0.6109,0.7410583333333334,1.0,0.7000416666666666,6.1012,93.1399,0.2893,2.7416,0.0495,5.84444,54.3859,17,1
1,16000.0,20000.0,7,2,0,0,1.0975,0.1146,0.6109,0.7410583333333334,1.0,0.7000416666666666,6.1012,93.1399,0.2893,2.7416,0.0495,5.84444,54.3859,18,1
1,16000.0,20000.0,7,2,0,0,1.0975,0.1146,0.6109,0.7410583333333334,1.0,0.7000416666666666,6.1012,93.1399,0.2893,2.7416,0.0495,5.84444,54.3859,19,1
1,16000.0,20000.0,7,2,0,0,1.0975,0.1146,0.6109,0.7410583333333334,1.0,0.7000416666666666,6.1012,93.1399,0.2893,2.7416,0.0495,5.84444,54.3859,20,1
1,16000.0,20000.0,7,2,0,0,1.0975,0.1146,0.6109,0.7410583333333334,1.0,0.7000416666666666,6.1012,93.1399,0.2893,2.7416,0.0495,5.84444,54.3859,21,1
1,16000.0,20000.0,7,2,0,0,1.0975,0.1146,0.6109,0.7410583333333334,1.0,0.7000416666666666,6.1012,93.1399,0.2893,2.7416,0.0495,5.84444,54.3859,22,1
1,16000.0,20000.0,7,2,0,0,1.0975,0.1146,0.6109,0.7410583333333334,1.0,0.7000416666666666,6.1012,93.1399,0.2893,2.7416,0.0495,5.84444,54.3859,23,1
2,1250.0,2500.0,28,2,0,0,1.5124,0.3503,0.8869,0.7410583333333334,1.0,0.7000416666666666,0.4334,2.6581,0.9453,5.4853,0.3172,2.98014,16.2929,0,1
2,1250.0,2500.0,28,2,0,0,1.5124,0.3503,0.8869,0.7410583333333334,1.0,0.7000416666666666,0.4334,2.6581,0.9453,5.4853,0.3172,2.98014,16.2929,1,1
2,1250.0,2500.0,28,2,0,0,1.5124,0.3503,0.8869,0.7410583333333334,1.0,0.7000416666666666,0.4334,2.6581,0.9453,5.4853,0.3172,2.98014,16.2929,2,1
2,1250.0,2500.0,28,2,0,0,1.5124,0.3503,0.8869,0.7410583333333334,1.0,0.7000416666666666,0.4334,2.6581,0.9453,5.4853,0.3172,2.98014,16.2929,3,1
2,1250.0,2500.0,28,2,0,0,1.5124,0.3503,0.8869,0.7410583333333334,1.0,0.7000416666666666,0.4334,2.6581,0.9453,5.4853,0.3172,2.98014,16.2929,4,1
2,1250.0,2500.0,28,2,0,0,1.5124,0.3503,0.8869,0.7410583333333334,1.0,0.7000416666666666,0.4334,2.6581,0.9453,5.4853,0.3172,2.98014,16.2929,5,1
2,1250.0,2500.0,28,2,0,0,1.5124,0.3503,0.8869,0.7410583333333334,1.0,0.7000416666666666,0.4334,2.6581,0.9453,5.4853,0.3172,2.98014,16.2929,6,1
2,1250.0,2500.0,28,2,0,0,1.5124,0.3503,0.8869,0.7410583333333334,1.0,0.7000416666666666,0.4334,2.6581,0.9453,5.4853,0.3172,2.98014,16.2929,7,1
2,1250.0,2500.0,28,2,0,0,1.5124,0.3503,0.8869,0.7410583333333334,1.0,0.7000416666666666,0.4334,2.6581,0.9453,5.4853,0.3172,2.98014,16.2929,8,0
2,1250.0,2500.0,28,2,0,0,1.5124,0.3503,0.8869,0.7410583333333334,1.0,0.7000416666666666,0.4334,2.6581,0.9453,5.4853,0.3172,2.98014,16.2929,9,1
2,1250.0,2500.0,28,2,0,0,1.5124,0.3503,0.8869,0.7410583333333334,1.0,0.7000416666666666,0.4334,2.6581,0.9453,5.4853,0.3172,2.98014,16.2929,10,1
2,1250.0,2500.0,28,2,0,0,1.5124,0.3503,0.8869,0.7410583333333334,1.0,0.7000416666666666,0.4334,2.6581,0.9453,5.4853,0.3172,2.98014,16.2929,11,0
2,1250.0,2500.0,28,2,0,0,1.5124,0.3503,0.8869,0.7410583333333334,1.0,0.7000416666666666,0.4334,2.6581,0.9453,5.4853,0.3172,2.98014,16.2929,12,1
2,1250.0,2500.0,28,2,0,0,1.5124,0.3503,0.8869,0.7410583333333334,1.0,0.7000416666666666,0.4334,2.6581,0.9453,5.4853,0.3172,2.98014,16.2929,13,1
2,1250.0,2500.0,28,2,0,0,1.5124,0.3503,0.8869,0.7410583333333334,1.0,0.7000416666666666,0.4334,2.6581,0.9453,5.4853,0.3172,2.98014,16.2929,14,1
2,1250.0,2500.0,28,2,0,0,1.5124,0.3503,0.8869,0.7410583333333334,1.0,0.7000416666666666,0.4334,2.6581,0.9453,5.4853,0.3172,2.98014,16.2929,15,1
2,1250.0,2500.0,28,2,0,0,1.5124,0.3503,0.8869,0.7410583333333334,1.0,0.7000416666666666,0.4334,2.6581,0.9453,5.4853,0.3172,2.98014,16.2929,16,1
2,1250.0,2500.0,28,2,0,0,1.5124,0.3503,0.8869,0.7410583333333334,1.0,0.7000416666666666,0.4334,2.6581,0.9453,5.4853,0.3172,2.98014,16.2929,17,1
2,1250.0,2500.0,28,2,0,0,1.5124,0.3503,0.8869,0.7410583333333334,1.0,0.7000416666666666,0.4334,2.6581,0.9453,5.4853,0.3172,2.98014,16.2929,18,1
2,1250.0,2500.0,28,2,0,0,1.5124,0.3503,0.8869,0.7410583333333334,1.0,0.7000416666666666,0.4334,2.6581,0.9453,5.4853,0.3172,2.98014,16.2929,19,1
2,1250.0,2500.0,28,2,0,0,1.5124,0.3503,0.8869,0.7410583333333334,1.0,0.7000416666666666,0.4334,2.6581,0.9453,5.4853,0.3172,2.98014,16.2929,20,1
2,1250.0,2500.0,28,2,0,0,1.5124,0.3503,0.8869,0.7410583333333334,1.0,0.7000416666666666,0.4334,2.6581,0.9453,5.4853,0.3172,2.98014,16.2929,21,1
2,1250.0,2500.0,28,2,0,0,1.5124,0.3503,0.8869,0.7410583333333334,1.0,0.7000416666666666,0.4334,2.6581,0.9453,5.4853,0.3172,2.98014,16.2929,22,1
2,1250.0,2500.0,28,2,0,0,1.5124,0.3503,0.8869,0.7410583333333334,1.0,0.7000416666666666,0.4334,2.6581,0.9453,5.4853,0.3172,2.98014,16.2929,23,1
3,7480.0,18700.0,20,2,0,0,1.032,0.2178,0.55,0.7410583333333334,1.0,0.7000416666666666,0.9012,3.5214,0.3256,4.6908,0.0292,160.644,159.644,0,1
3,7480.0,18700.0,20,2,0,0,1.032,0.2178,0.55,0.7410583333333334,1.0,0.7000416666666666,0.9012,3.5214,0.3256,4.6908,0.0292,160.644,159.644,1,1
3,7480.0,18700.0,20,2,0,0,1.032,0.2178,0.55,0.7410583333333334,1.0,0.7000416666666666,0.9012,3.5214,0.3256,4.6908,0.0292,160.644,159.644,2,1
3,7480.0,18700.0,20,2,0,0,1.032,0.2178,0.55,0.7410583333333334,1.0,0.7000416666666666,0.9012,3.5214,0.3256,4.6908,0.0292,160.644,159.644,3,1
3,7480.0,18700.0,20,2,0,0,1.032,0.2178,0.55,0.7410583333333334,1.0,0.7000416666666666,0.9012,3.5214,0.3256,4.6908,0.0292,160.644,159.644,4,1
3,7480.0,18700.0,20,2,0,0,1.032,0.2178,0.55,0.7410583333333334,1.0,0.7000416666666666,0.9012,3.5214,0.3256,4.6908,0.0292,160.644,159.644,5,1
3,7480.0,18700.0,20,2,0,0,1.032,0.2178,0.55,0.7410583333333334,1.0,0.7000416666666666,0.9012,3.5214,0.3256,4.6908,0.0292,160.644,159.644,6,0
3,7480.0,18700.0,20,2,0,0,1.032,0.2178,0.55,0.7410583333333334,1.0,0.7000416666666666,0.9012,3.5214,0.3256,4.6908,0.0292,160.644,159.644,7,1
3,7480.0,18700.0,20,2,0,0,1.032,0.2178,0.55,0.7410583333333334,1.0,0.7000416666666666,0.9012,3.5214,0.3256,4.6908,0.0292,160.644,159.644,8,0
3,7480.0,18700.0,20,2,0,0,1.032,0.2178,0.55,0.7410583333333334,1.0,0.7000416666666666,0.9012,3.5214,0.3256,4.6908,0.0292,160.644,159.644,9,1
3,7480.0,18700.0,20,2,0,0,1.032,0.2178,0.55,0.7410583333333334,1.0,0.7000416666666666,0.9012,3.5214,0.3256,4.6908,0.0292,160.644,159.644,10,1
3,7480.0,18700.0,20,2,0,0,1.032,0.2178,0.55,0.7410583333333334,1.0,0.7000416666666666,0.9012,3.5214,0.3256,4.6908,0.0292,160.644,159.644,11,1
3,7480.0,18700.0,20,2,0,0,1.032,0.2178,0.55,0.7410583333333334,1.0,0.7000416666666666,0.9012,3.5214,0.3256,4.6908,0.0292,160.644,159.644,12,1
3,7480.0,18700.0,20,2,0,0,1.032,0.2178,0.55,0.7410583333333334,1.0,0.7000416666666666,0.9012,3.5214,0.3256,4.6908,0.0292,160.644,159.644,13,1
3,7480.0,18700.0,20,2,0,0,1.032,0.2178,0.55,0.7410583333333334,1.0,0.7000416666666666,0.9012,3.5214,0.3256,4.6908,0.0292,160.644,159.644,14,1
3,7480.0,18700.0,20,2,0,0,1.032,0.2178,0.55,0.7410583333333334,1.0,0.7000416666666666,0.9012,3.5214,0.3256,4.6908,0.0292,160.644,159.644,15,1
3,7480.0,18700.0,20,2,0,0,1.032,0.2178,0.55,0.7410583333333334,1.0,0.7000416666666666,0.9012,3.5214,0.3256,4.6908,0.0292,160.644,159.644,16,1
3,7480.0,18700.0,20,2,0,0,1.032,0.2178,0.55,0.7410583333333334,1.0,0.7000416666666666,0.9012,3.5214,0.3256,4.6908,0.0292,160.644,159.644,17,1
3,7480.0,18700.0,20,2,0,0,1.032,0.2178,0.55,0.7410583333333334,1.0,0.7000416666666666,0.9012,3.5214,0.3256,4.6908,0.0292,160.644,159.644,18,1
3,7480.0,18700.0,20,2,0,0,1.032,0.2178,0.55,0.7410583333333334,1.0,0.7000416666666666,0.9012,3.5214,0.3256,4.6908,0.0292,160.644,159.644,19,1
3,7480.0,18700.0,20,2,0,0,1.032,0.2178,0.55,0.7410583333333334,1.0,0.7000416666666666,0.9012,3.5214,0.3256,4.6908,0.0292,160.644,159.644,20,1
3,7480.0,18700.0,20,2,0,0,1.032,0.2178,0.55,0.7410583333333334,1.0,0.7000416666666666,0.9012,3.5214,0.3256,4.6908,0.0292,160.644,159.644,21,1
3,7480.0,18700.0,20,2,0,0,1.032,0.2178,0.55,0.7410583333333334,1.0,0.7000416666666666,0.9012,3.5214,0.3256,4.6908,0.0292,160.644,159.644,22,1
3,7480.0,18700.0,20,2,0,0,1.032,0.2178,0.55,0.7410583333333334,1.0,0.7000416666666666,0.9012,3.5214,0.3256,4.6908,0.0292,160.644,159.644,23,1
4,20000.0,40000.0,16,24,0,0,1.3218,0.1885,0.9884,0.9191,0.1505,0.2807,0.42,4.4024,4.5603,5.6411,1.3149,3.46817,3.29014,0,1
4,20000.0,40000.0,16,24,0,0,1.3218,0.1885,0.9884,0.9191,0.1505,0.2807,0.42,4.4024,4.5603,5.6411,1.3149,3.46817,3.29014,1,1
4,20000.0,40000.0,16,24,0,0,1.3218,0.1885,0.9884,0.9191,0.1505,0.2807,0.42,4.4024,4.5603,5.6411,1.3149,3.46817,3.29014,2,0
4,20000.0,40000.0,16,24,0,0,1.3218,0.1885,0.9884,0.9191,0.1505,0.2807,0.42,4.4024,4.5603,5.6411,1.3149,3.46817,3.29014,3,0
4,20000.0,40000.0,16,24,0,0,1.3218,0.1885,0.9884,0.9191,0.1505,0.2807,0.42,4.4024,4.5603,5.6411,1.3149,3.46817,3.29014,4,1
4,20000.0,40000.0,16,24,0,0,1.3218,0.1885,0.9884,0.9191,0.1505,0.2807,0.42,4.4024,4.5603,5.6411,1.3149,3.46817,3.29014,5,1
4,20000.0,40000.0,16,24,0,0,1.3218,0.1885,0.9884,0.9191,0.1505,0.2807,0.42,4.4024,4.5603,5.6411,1.3149,3.46817,3.29014,6,0
4,20000.0,40000.0,16,24,0,0,1.3218,0.1885,0.9884,0.9191,0.1505,0.2807,0.42,4.4024,4.5603,5.6411,1.3149,3.46817,3.29014,7,1
4,20000.0,40000.0,16,24,0,0,1.3218,0.1885,0.9884,0.9191,0.1505,0.2807,0.42,4.4024,4.5603,5.6411,1.3149,3.46817,3.29014,8,0
4,20000.0,40000.0,16,24,0,0,1.3218,0.1885,0.9884,0.9191,0.1505,0.2807,0.42,4.4024,4.5603,5.6411,1.3149,3.46817,3.29014,9,1
4,20000.0,40000.0,16,24,0,0,1.3218,0.1885,0.9884,0.9191,0.1505,0.2807,0.42,4.4024,4.5603,5.6411,1.3149,3.46817,3.29014,10,1
4,20000.0,40000.0,16,24,0,0,1.3218,0.1885,0.9884,0.9191,0.1505,0.2807,0.42,4.4024,4.5603,5.6411,1.3149,3.46817,3.29014,11,0
4,20000.0,40000.0,16,24,0,0,1.3218,0.1885,0.9884,0.9191,0.1505,0.2807,0.42,4.4024,4.5603,5.6411,1.3149,3.46817,3.29014,12,1
4,20000.0,40000.0,16,24,0,0,1.3218,0.1885,0.9884,0.9191,0.1505,0.2807,0.42,4.4024,4.5603,5.6411,1.3149,3.46817,3.29014,13,1
4,20000.0,40000.0,16,24,0,0,1.3218,0.1885,0.9884,0.9191,0.1505,0.2807,0.42,4.4024,4.5603,5.6411,1.3149,3.46817,3.29014,14,0
4,20000.0,40000.0,16,24,0,0,1.3218,0.1885,0.9884,0.9191,0.1505,0.2807,0.42,4.4024,4.5603,5.6411,1.3149,3.46817,3.29014,15,1
4,20000.0,40000.0,16,24,0,0,1.3218,0.1885,0.9884,0.9191,0.1505,0.2807,0.42,4.4024,4.5603,5.6411,1.3149,3.46817,3.29014,16,1
4,20000.0,40000.0,16,24,0,0,1.3218,0.1885,0.9884,0.9191,0.1505,0.2807,0.42,4.4024,4.5603,5.6411,1.3149,3.46817,3.29014,17,1
4,20000.0,40000.0,16,24,0,0,1.3218,0.1885,0.9884,0.9191,0.1505,0.2807,0.42,4.4024,4.5603,5.6411,1.3149,3.46817,3.29014,18,1
4,20000.0,40000.0,16,24,0,0,1.3218,0.1885,0.9884,0.9191,0.1505,0.2807,0.42,4.4024,4.5603,5.6411,1.3149,3.46817,3.29014,19,1
4,20000.0,40000.0,16,24,0,0,1.3218,0.1885,0.9884,0.9191,0.1505,0.2807,0.42,4.4024,4.5603,5.6411,1.3149,3.46817,3.29014,20,1
4,20000.0,40000.0,16,24,0,0,1.3218,0.1885,0.9884,0.9191,0.1505,0.2807,0.42,4.4024,4.5603,5.6411,1.3149,3.46817,3.29014,21,1
4,20000.0,40000.0,16,24,0,0,1.3218,0.1885,0.9884,0.9191,0.1505,0.2807,0.42,4.4024,4.5603,5.6411,1.3149,3.46817,3.29014,22,1
4,20000.0,40000.0,16,24,0,0,1.3218,0.1885,0.9884,0.9191,0.1505,0.2807,0.42,4.4024,4.5603,5.6411,1.3149,3.46817,3.29014,23,1
5,2670.0,8900.0,16,2,8,0,1.0273,0.0825,0.7618,0.7410583333333334,1.0,0.7000416666666666,1.2082,4.4046,1.0,1.77,0.641,1.56006,1.76131,0,1
5,2670.0,8900.0,16,2,8,0,1.0273,0.0825,0.7618,0.7410583333333334,1.0,0.7000416666666666,1.2082,4.4046,1.0,1.77,0.641,1.56006,1.76131,1,1
5,2670.0,8900.0,16,2,8,0,1.0273,0.0825,0.7618,0.7410583333333334,1.0,0.7000416666666666,1.2082,4.4046,1.0,1.77,0.641,1.56006,1.76131,2,1
5,2670.0,8900.0,16,2,8,0,1.0273,0.0825,0.7618,0.7410583333333334,1.0,0.7000416666666666,1.2082,4.4046,1.0,1.77,0.641,1.56006,1.76131,3,1
5,2670.0,8900.0,16,2,8,0,1.0273,0.0825,0.7618,0.7410583333333334,1.0,0.7000416666666666,1.2082,4.4046,1.0,1.77,0.641,1.56006,1.76131,4,1
5,2670.0,8900.0,16,2,8,0,1.0273,0.0825,0.7618,0.7410583333333334,1.0,0.7000416666666666,1.2082,4.4046,1.0,1.77,0.641,1.56006,1.76131,5,1
5,2670.0,8900.0,16,2,8,0,1.0273,0.0825,0.7618,0.7410583333333334,1.0,0.7000416666666666,1.2082,4.4046,1.0,1.77,0.641,1.56006,1.76131,6,1
5,2670.0,8900.0,16,2,8,0,1.0273,0.0825,0.7618,0.7410583333333334,1.0,0.7000416666666666,1.2082,4.4046,1.0,1.77,0.641,1.56006,1.76131,7,1
5,2670.0,8900.0,16,2,8,0,1.0273,0.0825,0.7618,0.7410583333333334,1.0,0.7000416666666666,1.2082,4.4046,1.0,1.77,0.641,1.56006,1.76131,8,1
5,2670.0,8900.0,16,2,8,0,1.0273,0.0825,0.7618,0.7410583333333334,1.0,0.7000416666666666,1.2082,4.4046,1.0,1.77,0.641,1.56006,1.76131,9,1
5,2670.0,8900.0,16,2,8,0,1.0273,0.0825,0.7618,0.7410583333333334,1.0,0.7000416666666666,1.2082,4.4046,1.0,1.77,0.641,1.56006,1.76131,10,1
5,2670.0,8900.0,16,2,8,0,1.0273,0.0825,0.7618,0.7410583333333334,1.0,0.7000416666666666,1.2082,4.4046,1.0,1.77,0.641,1.56006,1.76131,11,1
5,2670.0,8900.0,16,2,8,0,1.0273,0.0825,0.7618,0.7410583333333334,1.0,0.7000416666666666,1.2082,4.4046,1.0,1.77,0.641,1.56006,1.76131,12,1
5,2670.0,8900.0,16,2,8,0,1.0273,0.0825,0.7618,0.7410583333333334,1.0,0.7000416666666666,1.2082,4.4046,1.0,1.77,0.641,1.56006,1.76131,13,1
5,2670.0,8900.0,16,2,8,0,1.0273,0.0825,0.7618,0.7410583333333334,1.0,0.7000416666666666,1.2082,4.4046,1.0,1.77,0.641,1.56006,1.76131,14,1
5,2670.0,8900.0,16,2,8,0,1.0273,0.0825,0.7618,0.7410583333333334,1.0,0.7000416666666666,1.2082,4.4046,1.0,1.77,0.641,1.56006,1.76131,15,1
5,2670.0,8900.0,16,2,8,0,1.0273,0.0825,0.7618,0.7410583333333334,1.0,0.7000416666666666,1.2082,4.4046,1.0,1.77,0.641,1.56006,1.76131,16,1
5,2670.0,8900.0,16,2,8,0,1.0273,0.0825,0.7618,0.7410583333333334,1.0,0.7000416666666666,1.2082,4.4046,1.0,1.77,0.641,1.56006,1.76131,17,1
5,2670.0,8900.0,16,2,8,0,1.0273,0.0825,0.7618,0.7410583333333334,1.0,0.7000416666666666,1.2082,4.4046,1.0,1.77,0.641,1.56006,1.76131,18,1
5,2670.0,8900.0,16,2,8,0,1.0273,0.0825,0.7618,0.7410583333333334,1.0,0.7000416666666666,1.2082,4.4046,1.0,1.77,0.641,1.56006,1.76131,19,1
5,2670.0,8900.0,16,2,8,0,1.0273,0.0825,0.7618,0.7410583333333334,1.0,0.7000416666666666,1.2082,4.4046,1.0,1.77,0.641,1.56006,1.76131,20,1
5,2670.0,8900.0,16,2,8,0,1.0273,0.0825,0.7618,0.7410583333333334,1.0,0.7000416666666666,1.2082,4.4046,1.0,1.77,0.641,1.56006,1.76131,21,1
5,2670.0,8900.0,16,2,8,0,1.0273,0.0825,0.7618,0.7410583333333334,1.0,0.7000416666666666,1.2082,4.4046,1.0,1.77,0.641,1.56006,1.76131,22,1
5,2670.0,8900.0,16,2,8,0,1.0273,0.0825,0.7618,0.7410583333333334,1.0,0.7000416666666666,1.2082,4.4046,1.0,1.77,0.641,1.56006,1.76131,23,1
6,1186.0,3186.0,180,3,0,0,1.5407,0.0456,0.8729,0.83,0.5252,1.0,2.5582,29.5674,1.4725,0.8072,0.0218,67.5459,36.0275,0,1
6,1186.0,3186.0,180,3,0,0,1.5407,0.0456,0.8729,0.83,0.5252,1.0,2.5582,29.5674,1.4725,0.8072,0.0218,67.5459,36.0275,1,1
6,1186.0,3186.0,180,3,0,0,1.5407,0.0456,0.8729,0.83,0.5252,1.0,2.5582,29.5674,1.4725,0.8072,0.0218,67.5459,36.0275,2,1
6,1186.0,3186.0,180,3,0,0,1.5407,0.0456,0.8729,0.83,0.5252,1.0,2.5582,29.5674,1.4725,0.8072,0.0218,67.5459,36.0275,3,1
6,1186.0,3186.0,180,3,0,0,1.5407,0.0456,0.8729,0.83,0.5252,1.0,2.5582,29.5674,1.4725,0.8072,0.0218,67.5459,36.0275,4,1
6,1186.0,3186.0,180,3,0,0,1.5407,0.0456,0.8729,0.83,0.5252,1.0,2.5582,29.5674,1.4725,0.8072,0.0218,67.5459,36.0275,5,1
6,1186.0,3186.0,180,3,0,0,1.5407,0.0456,0.8729,0.83,0.5252,1.0,2.5582,29.5674,1.4725,0.8072,0.0218,67.5459,36.0275,6,1
6,1186.0,3186.0,180,3,0,0,1.5407,0.0456,0.8729,0.83,0.5252,1.0,2.5582,29.5674,1.4725,0.8072,0.0218,67.5459,36.0275,7,1
6,1186.0,3186.0,180,3,0,0,1.5407,0.0456,0.8729,0.83,0.5252,1.0,2.5582,29.5674,1.4725,0.8072,0.0218,67.5459,36.0275,8,0
6,1186.0,3186.0,180,3,0,0,1.5407,0.0456,0.8729,0.83,0.5252,1.0,2.5582,29.5674,1.4725,0.8072,0.0218,67.5459,36.0275,9,1
6,1186.0,3186.0,180,3,0,0,1.5407,0.0456,0.8729,0.83,0.5252,1.0,2.5582,29.5674,1.4725,0.8072,0.0218,67.5459,36.0275,10,1
6,1186.0,3186.0,180,3,0,0,1.5407,0.0456,0.8729,0.83,0.5252,1.0,2.5582,29.5674,1.4725,0.8072,0.0218,67.5459,36.0275,11,1
6,1186.0,3186.0,180,3,0,0,1.5407,0.0456,0.8729,0.83,0.5252,1.0,2.5582,29.5674,1.4725,0.8072,0.0218,67.5459,36.0275,12,1
6,1186.0,3186.0,180,3,0,0,1.5407,0.0456,0.8729,0.83,0.5252,1.0,2.5582,29.5674,1.4725,0.8072,0.0218,67.5459,36.0275,13,1
6,1186.0,3186.0,180,3,0,0,1.5407,0.0456,0.8729,0.83,0.5252,1.0,2.5582,29.5674,1.4725,0.8072,0.0218,67.5459,36.0275,14,1
6,1186.0,3186.0,180,3,0,0,1.5407,0.0456,0.8729,0.83,0.5252,1.0,2.5582,29.5674,1.4725,0.8072,0.0218,67.5459,36.0275,15,1
6,1186.0,3186.0,180,3,0,0,1.5407,0.0456,0.8729,0.83,0.5252,1.0,2.5582,29.5674,1.4725,0.8072,0.0218,67.5459,36.0275,16,1
6,1186.0,3186.0,180,3,0,0,1.5407,0.0456,0.8729,0.83,0.5252,1.0,2.5582,29.5674,1.4725,0.8072,0.0218,67.5459,36.0275,17,1
6,1186.0,3186.0,180,3,0,0,1.5407,0.0456,0.8729,0.83,0.5252,1.0,2.5582,29.5674,1.4725,0.8072,0.0218,67.5459,36.0275,18,0
6,1186.0,3186.0,180,3,0,0,1.5407,0.0456,0.8729,0.83,0.5252,1.0,2.5582,29.5674,1.4725,0.8072,0.0218,67.5459,36.0275,19,1
6,1186.0,3186.0,180,3,0,0,1.5407,0.0456,0.8729,0.83,0.5252,1.0,2.5582,29.5674,1.4725,0.8072,0.0218,67.5459,36.0275,20,1
6,1186.0,3186.0,180,3,0,0,1.5407,0.0456,0.8729,0.83,0.5252,1.0,2.5582,29.5674,1.4725,0.8072,0.0218,67.5459,36.0275,21,1
6,1186.0,3186.0,180,3,0,0,1.5407,0.0456,0.8729,0.83,0.5252,1.0,2.5582,29.5674,1.4725,0.8072,0.0218,67.5459,36.0275,22,1
6,1186.0,3186.0,180,3,0,0,1.5407,0.0456,0.8729,0.83,0.5252,1.0,2.5582,29.5674,1.4725,0.8072,0.0218,67.5459,36.0275,23,1
7,768.0,768.0,8,2,0,0,1.0377,0.1439,0.5507,0.7410583333333334,1.0,0.7000416666666666,1.0586,5.827,0.9331,4.5301,0.112,8.33125,39.4473,0,1
7,768.0,768.0,8,2,0,0,1.0377,0.1439,0.5507,0.7410583333333334,1.0,0.7000416666666666,1.0586,5.827,0.9331,4.5301,0.112,8.33125,39.4473,1,1
7,768.0,768.0,8,2,0,0,1.0377,0.1439,0.5507,0.7410583333333334,1.0,0.7000416666666666,1.0586,5.827,0.9331,4.5301,0.112,8.33125,39.4473,2,1
7,768.0,768.0,8,2,0,0,1.0377,0.1439,0.5507,0.7410583333333334,1.0,0.7000416666666666,1.0586,5.827,0.9331,4.5301,0.112,8.33125,39.4473,3,1
7,768.0,768.0,8,2,0,0,1.0377,0.1439,0.5507,0.7410583333333334,1.0,0.7000416666666666,1.0586,5.827,0.9331,4.5301,0.112,8.33125,39.4473,4,1
7,768.0,768.0,8,2,0,0,1.0377,0.1439,0.5507,0.7410583333333334,1.0,0.7000416666666666,1.0586,5.827,0.9331,4.5301,0.112,8.33125,39.4473,5,1
7,768.0,768.0,8,2,0,0,1.0377,0.1439,0.5507,0.7410583333333334,1.0,0.7000416666666666,1.0586,5.827,0.9331,4.5301,0.112,8.33125,39.4473,6,1
7,768.0,768.0,8,2,0,0,1.0377,0.1439,0.5507,0.7410583333333334,1.0,0.7000416666666666,1.0586,5.827,0.9331,4.5301,0.112,8.33125,39.4473,7,1
7,768.0,768.0,8,2,0,0,1.0377,0.1439,0.5507,0.7410583333333334,1.0,0.7000416666666666,1.0586,5.827,0.9331,4.5301,0.112,8.33125,39.4473,8,1
7,768.0,768.0,8,2,0,0,1.0377,0.1439,0.5507,0.7410583333333334,1.0,0.7000416666666666,1.0586,5.827,0.9331,4.5301,0.112,8.33125,39.4473,9,1
7,768.0,768.0,8,2,0,0,1.0377,0.1439,0.5507,0.7410583333333334,1.0,0.7000416666666666,1.0586,5.827,0.9331,4.5301,0.112,8.33125,39.4473,10,1
7,768.0,768.0,8,2,0,0,1.0377,0.1439,0.5507,0.7410583333333334,1.0,0.7000416666666666,1.0586,5.827,0.9331,4.5301,0.112,8.33125,39.4473,11,1
7,768.0,768.0,8,2,0,0,1.0377,0.1439,0.5507,0.7410583333333334,1.0,0.7000416666666666,1.0586,5.827,0.9331,4.5301,0.112,8.33125,39.4473,12,1
7,768.0,768.0,8,2,0,0,1.0377,0.1439,0.5507,0.7410583333333334,1.0,0.7000416666666666,1.0586,5.827,0.9331,4.5301,0.112,8.33125,39.4473,13,1
7,768.0,768.0,8,2,0,0,1.0377,0.1439,0.5507,0.7410583333333334,1.0,0.7000416666666666,1.0586,5.827,0.9331,4.5301,0.112,8.33125,39.4473,14,1
7,768.0,768.0,8,2,0,0,1.0377,0.1439,0.5507,0.7410583333333334,1.0,0.7000416666666666,1.0586,5.827,0.9331,4.5301,0.112,8.33125,39.4473,15,1
7,768.0,768.0,8,2,0,0,1.0377,0.1439,0.5507,0.7410583333333334,1.0,0.7000416666666666,1.0586,5.827,0.9331,4.5301,0.112,8.33125,39.4473,16,1
7,768.0,768.0,8,2,0,0,1.0377,0.1439,0.5507,0.7410583333333334,1.0,0.7000416666666666,1.0586,5.827,0.9331,4.5301,0.112,8.33125,39.4473,17,1
7,768.0,768.0,8,2,0,0,1.0377,0.1439,0.5507,0.7410583333333334,1.0,0.7000416666666666,1.0586,5.827,0.9331,4.5301,0.112,8.33125,39.4473,18,1
7,768.0,768.0,8,2,0,0,1.0377,0.1439,0.5507,0.7410583333333334,1.0,0.7000416666666666,1.0586,5.827,0.9331,4.5301,0.112,8.33125,39.4473,19,1
7,768.0,768.0,8,2,0,0,1.0377,0.1439,0.5507,0.7410583333333334,1.0,0.7000416666666666,1.0586,5.827,0.9331,4.5301,0.112,8.33125,39.4473,20,1
7,768.0,768.0,8,2,0,0,1.0377,0.1439,0.5507,0.7410583333333334,1.0,0.7000416666666666,1.0586,5.827,0.9331,4.5301,0.112,8.33125,39.4473,21,1
7,768.0,768.0,8,2,0,0,1.0377,0.1439,0.5507,0.7410583333333334,1.0,0.7000416666666666,1.0586,5.827,0.9331,4.5301,0.112,8.33125,39.4473,22,1
7,768.0,768.0,8,2,0,0,1.0377,0.1439,0.5507,0.7410583333333334,1.0,0.7000416666666666,1.0586,5.827,0.9331,4.5301,0.112,8.33125,39.4473,23,1
8,9000.0,18000.0,16,10,0,0,1.5673,0.2119,0.8929,0.8902,0.2031,0.4049,0.8562,5.1256,3.3219,6.5452,0.5049,6.57932,11.9634,0,1
8,9000.0,18000.0,16,10,0,0,1.5673,0.2119,0.8929,0.8902,0.2031,0.4049,0.8562,5.1256,3.3219,6.5452,0.5049,6.57932,11.9634,1,1
8,9000.0,18000.0,16,10,0,0,1.5673,0.2119,0.8929,0.8902,0.2031,0.4049,0.8562,5.1256,3.3219,6.5452,0.5049,6.57932,11.9634,2,1
8,9000.0,18000.0,16,10,0,0,1.5673,0.2119,0.8929,0.8902,0.2031,0.4049,0.8562,5.1256,3.3219,6.5452,0.5049,6.57932,11.9634,3,1
8,9000.0,18000.0,16,10,0,0,1.5673,0.2119,0.8929,0.8902,0.2031,0.4049,0.8562,5.1256,3.3219,6.5452,0.5049,6.57932,11.9634,4,1
8,9000.0,18000.0,16,10,0,0,1.5673,0.2119,0.8929,0.8902,0.2031,0.4049,0.8562,5.1256,3.3219,6.5452,0.5049,6.57932,11.9634,5,1
8,9000.0,18000.0,16,10,0,0,1.5673,0.2119,0.8929,0.8902,0.2031,0.4049,0.8562,5.1256,3.3219,6.5452,0.5049,6.57932,11.9634,6,1
8,9000.0,18000.0,16,10,0,0,1.5673,0.2119,0.8929,0.8902,0.2031,0.4049,0.8562,5.1256,3.3219,6.5452,0.5049,6.57932,11.9634,7,1
8,9000.0,18000.0,16,10,0,0,1.5673,0.2119,0.8929,0.8902,0.2031,0.4049,0.8562,5.1256,3.3219,6.5452,0.5049,6.57932,11.9634,8,1
8,9000.0,18000.0,16,10,0,0,1.5673,0.2119,0.8929,0.8902,0.2031,0.4049,0.8562,5.1256,3.3219,6.5452,0.5049,6.57932,11.9634,9,1
8,9000.0,18000.0,16,10,0,0,1.5673,0.2119,0.8929,0.8902,0.2031,0.4049,0.8562,5.1256,3.3219,6.5452,0.5049,6.57932,11.9634,10,1
8,9000.0,18000.0,16,10,0,0,1.5673,0.2119,0.8929,0.8902,0.2031,0.4049,0.8562,5.1256,3.3219,6.5452,0.5049,6.57932,11.9634,11,0
8,9000.0,18000.0,16,10,0,0,1.5673,0.2119,0.8929,0.8902,0.2031,0.4049,0.8562,5.1256,3.3219,6.5452,0.5049,6.57932,11.9634,12,1
8,9000.0,18000.0,16,10,0,0,1.5673,0.2119,0.8929,0.8902,0.2031,0.4049,0.8562,5.1256,3.3219,6.5452,0.5049,6.57932,11.9634,13,1
8,9000.0,18000.0,16,10,0,0,1.5673,0.2119,0.8929,0.8902,0.2031,0.4049,0.8562,5.1256,3.3219,6.5452,0.5049,6.57932,11.9634,14,1
8,9000.0,18000.0,16,10,0,0,1.5673,0.2119,0.8929,0.8902,0.2031,0.4049,0.8562,5.1256,3.3219,6.5452,0.5049,6.57932,11.9634,15,1
8,9000.0,18000.0,16,10,0,0,1.5673,0.2119,0.8929,0.8902,0.2031,0.4049,0.8562,5.1256,3.3219,6.5452,0.5049,6.57932,11.9634,16,1
8,9000.0,18000.0,16,10,0,0,1.5673,0.2119,0.8929,0.8902,0.2031,0.4049,0.8562,5.1256,3.3219,6.5452,0.5049,6.57932,11.9634,17,1
8,9000.0,18000.0,16,10,0,0,1.5673,0.2119,0.8929,0.8902,0.2031,0.4049,0.8562,5.1256,3.3219,6.5452,0.5049,6.57932,11.9634,18,1
8,9000.0,18000.0,16,10,0,0,1.5673,0.2119,0.8929,0.8902,0.2031,0.4049,0.8562,5.1256,3.3219,6.5452,0.5049,6.57932,11.9634,19,1
8,9000.0,18000.0,16,10,0,0,1.5673,0.2119,0.8929,0.8902,0.2031,0.4049,0.8562,5.1256,3.3219,6.5452,0.5049,6.57932,11.9634,20,1
8,9000.0,18000.0,16,10,0,0,1.5673,0.2119,0.8929,0.8902,0.2031,0.4049,0.8562,5.1256,3.3219,6.5452,0.5049,6.57932,11.9634,21,1
8,9000.0,18000.0,16,10,0,0,1.5673,0.2119,0.8929,0.8902,0.2031,0.4049,0.8562,5.1256,3.3219,6.5452,0.5049,6.57932,11.9634,22,1
8,9000.0,18000.0,16,10,0,0,1.5673,0.2119,0.8929,0.8902,0.2031,0.4049,0.8562,5.1256,3.3219,6.5452,0.5049,6.57932,11.9634,23,1
9,570.0,570.0,45,3,43,0,1.191,0.751,0.8842,0.3002,0.8966,1.0,1.8972,0.9866,1.5749,0.8717,0.0366,43.0301,22.8169,0,1
9,570.0,570.0,45,3,43,0,1.191,0.751,0.8842,0.3002,0.8966,1.0,1.8972,0.9866,1.5749,0.8717,0.0366,43.0301,22.8169,1,1
9,570.0,570.0,45,3,43,0,1.191,0.751,0.8842,0.3002,0.8966,1.0,1.8972,0.9866,1.5749,0.8717,0.0366,43.0301,22.8169,2,1
9,570.0,570.0,45,3,43,0,1.191,0.751,0.8842,0.3002,0.8966,1.0,1.8972,0.9866,1.5749,0.8717,0.0366,43.0301,22.8169,3,1
9,570.0,570.0,45,3,43,0,1.191,0.751,0.8842,0.3002,0.8966,1.0,1.8972,0.9866,1.5749,0.8717,0.0366,43.0301,22.8169,4,1
9,570.0,570.0,45,3,43,0,1.191,0.751,0.8842,0.3002,0.8966,1.0,1.8972,0.9866,1.5749,0.8717,0.0366,43.0301,22.8169,5,1
9,570.0,570.0,45,3,43,0,1.191,0.751,0.8842,0.3002,0.8966,1.0,1.8972,0.9866,1.5749,0.8717,0.0366,43.0301,22.8169,6,1
9,570.0,570.0,45,3,43,0,1.191,0.751,0.8842,0.3002,0.8966,1.0,1.8972,0.9866,1.5749,0.8717,0.0366,43.0301,22.8169,7,1
9,570.0,570.0,45,3,43,0,1.191,0.751,0.8842,0.3002,0.8966,1.0,1.8972,0.9866,1.5749,0.8717,0.0366,43.0301,22.8169,8,1
9,570.0,570.0,45,3,43,0,1.191,0.751,0.8842,0.3002,0.8966,1.0,1.8972,0.9866,1.5749,0.8717,0.0366,43.0301,22.8169,9,1
9,570.0,570.0,45,3,43,0,1.191,0.751,0.8842,0.3002,0.8966,1.0,1.8972,0.9866,1.5749,0.8717,0.0366,43.0301,22.8169,10,1
9,570.0,570.0,45,3,43,0,1.191,0.751,0.8842,0.3002,0.8966,1.0,1.8972,0.9866,1.5749,0.8717,0.0366,43.0301,22.8169,11,1
9,570.0,570.0,45,3,43,0,1.191,0.751,0.8842,0.3002,0.8966,1.0,1.8972,0.9866,1.5749,0.8717,0.0366,43.0301,22.8169,12,1
9,570.0,570.0,45,3,43,0,1.191,0.751,0.8842,0.3002,0.8966,1.0,1.8972,0.9866,1.5749,0.8717,0.0366,43.0301,22.8169,13,1
9,570.0,570.0,45,3,43,0,1.191,0.751,0.8842,0.3002,0.8966,1.0,1.8972,0.9866,1.5749,0.8717,0.0366,43.0301,22.8169,14,1
9,570.0,570.0,45,3,43,0,1.191,0.751,0.8842,0.3002,0.8966,1.0,1.8972,0.9866,1.5749,0.8717,0.0366,43.0301,22.8169,15,1
9,570.0,570.0,45,3,43,0,1.191,0.751,0.8842,0.3002,0.8966,1.0,1.8972,0.9866,1.5749,0.8717,0.0366,43.0301,22.8169,16,1
9,570.0,570.0,45,3,43,0,1.191,0.751,0.8842,0.3002,0.8966,1.0,1.8972,0.9866,1.5749,0.8717,0.0366,43.0301,22.8169,17,1
9,570.0,570.0,45,3,43,0,1.191,0.751,0.8842,0.3002,0.8966,1.0,1.8972,0.9866,1.5749,0.8717,0.0366,43.0301,22.8169,18,1
9,570.0,570.0,45,3,43,0,1.191,0.751,0.8842,0.3002,0.8966,1.0,1.8972,0.9866,1.5749,0.8717,0.0366,43.0301,22.8169,19,1
9,570.0,570.0,45,3,43,0,1.191,0.751,0.8842,0.3002,0.8966,1.0,1.8972,0.9866,1.5749,0.8717,0.0366,43.0301,22.8169,20,1
9,570.0,570.0,45,3,43,0,1.191,0.751,0.8842,0.3002,0.8966,1.0,1.8972,0.9866,1.5749,0.8717,0.0366,43.0301,22.8169,21,1
9,570.0,570.0,45,3,43,0,1.191,0.751,0.8842,0.3002,0.8966,1.0,1.8972,0.9866,1.5749,0.8717,0.0366,43.0301,22.8169,22,1
9,570.0,570.0,45,3,43,0,1.191,0.751,0.8842,0.3002,0.8966,1.0,1.8972,0.9866,1.5749,0.8717,0.0366,43.0301,22.8169,23,1
10,1000.0,1000.0,24,2,9,1,1.0369,0.0848,0.5044,0.7410583333333334,1.0,0.7000416666666666,1.6986,7.7943,0.8813,1.5031,0.0187,47.1283,79.3797,0,1
10,1000.0,1000.0,24,2,9,1,1.0369,0.0848,0.5044,0.7410583333333334,1.0,0.7000416666666666,1.6986,7.7943,0.8813,1.5031,0.0187,47.1283,79.3797,1,1
10,1000.0,1000.0,24,2,9,1,1.0369,0.0848,0.5044,0.7410583333333334,1.0,0.7000416666666666,1.6986,7.7943,0.8813,1.5031,0.0187,47.1283,79.3797,2,1
10,1000.0,1000.0,24,2,9,1,1.0369,0.0848,0.5044,0.7410583333333334,1.0,0.7000416666666666,1.6986,7.7943,0.8813,1.5031,0.0187,47.1283,79.3797,3,1
10,1000.0,1000.0,24,2,9,1,1.0369,0.0848,0.5044,0.7410583333333334,1.0,0.7000416666666666,1.6986,7.7943,0.8813,1.5031,0.0187,47.1283,79.3797,4,1
10,1000.0,1000.0,24,2,9,1,1.0369,0.0848,0.5044,0.7410583333333334,1.0,0.7000416666666666,1.6986,7.7943,0.8813,1.5031,0.0187,47.1283,79.3797,5,1
10,1000.0,1000.0,24,2,9,1,1.0369,0.0848,0.5044,0.7410583333333334,1.0,0.7000416666666666,1.6986,7.7943,0.8813,1.5031,0.0187,47.1283,79.3797,6,1
10,1000.0,1000.0,24,2,9,1,1.0369,0.0848,0.5044,0.7410583333333334,1.0,0.7000416666666666,1.6986,7.7943,0.8813,1.5031,0.0187,47.1283,79.3797,7,1
10,1000.0,1000.0,24,2,9,1,1.0369,0.0848,0.5044,0.7410583333333334,1.0,0.7000416666666666,1.6986,7.7943,0.8813,1.5031,0.0187,47.1283,79.3797,8,0
10,1000.0,1000.0,24,2,9,1,1.0369,0.0848,0.5044,0.7410583333333334,1.0,0.7000416666666666,1.6986,7.7943,0.8813,1.5031,0.0187,47.1283,79.3797,9,1
10,1000.0,1000.0,24,2,9,1,1.0369,0.0848,0.5044,0.7410583333333334,1.0,0.7000416666666666,1.6986,7.7943,0.8813,1.5031,0.0187,47.1283,79.3797,10,1
10,1000.0,1000.0,24,2,9,1,1.0369,0.0848,0.5044,0.7410583333333334,1.0,0.7000416666666666,1.6986,7.7943,0.8813,1.5031,0.0187,47.1283,79.3797,11,1
10,1000.0,1000.0,24,2,9,1,1.0369,0.0848,0.5044,0.7410583333333334,1.0,0.7000416666666666,1.6986,7.7943,0.8813,1.5031,0.0187,47.1283,79.3797,12,1
10,1000.0,1000.0,24,2,9,1,1.0369,0.0848,0.5044,0.7410583333333334,1.0,0.7000416666666666,1.6986,7.7943,0.8813,1.5031,0.0187,47.1283,79.3797,13,1
10,1000.0,1000.0,24,2,9,1,1.0369,0.0848,0.5044,0.7410583333333334,1.0,0.7000416666666666,1.6986,7.7943,0.8813,1.5031,0.0187,47.1283,79.3797,14,1
10,1000.0,1000.0,24,2,9,1,1.0369,0.0848,0.5044,0.7410583333333334,1.0,0.7000416666666666,1.6986,7.7943,0.8813,1.5031,0.0187,47.1283,79.3797,15,1
10,1000.0,1000.0,24,2,9,1,1.0369,0.0848,0.5044,0.7410583333333334,1.0,0.7000416666666666,1.6986,7.7943,0.8813,1.5031,0.0187,47.1283,79.3797,16,1
10,1000.0,1000.0,24,2,9,1,1.0369,0.0848,0.5044,0.7410583333333334,1.0,0.7000416666666666,1.6986,7.7943,0.8813,1.5031,0.0187,47.1283,79.3797,17,1
10,1000.0,1000.0,24,2,9,1,1.0369,0.0848,0.5044,0.7410583333333334,1.0,0.7000416666666666,1.6986,7.7943,0.8813,1.5031,0.0187,47.1283,79.3797,18,1
10,1000.0,1000.0,24,2,9,1,1.0369,0.0848,0.5044,0.7410583333333334,1.0,0.7000416666666666,1.6986,7.7943,0.8813,1.5031,0.0187,47.1283,79.3797,19,1
10,1000.0,1000.0,24,2,9,1,1.0369,0.0848,0.5044,0.7410583333333334,1.0,0.7000416666666666,1.6986,7.7943,0.8813,1.5031,0.0187,47.1283,79.3797,20,1
10,1000.0,1000.0,24,2,9,1,1.0369,0.0848,0.5044,0.7410583333333334,1.0,0.7000416666666666,1.6986,7.7943,0.8813,1.5031,0.0187,47.1283,79.3797,21,1
10,1000.0,1000.0,24,2,9,1,1.0369,0.0848,0.5044,0.7410583333333334,1.0,0.7000416666666666,1.6986,7.7943,0.8813,1.5031,0.0187,47.1283,79.3797,22,1
10,1000.0,1000.0,24,2,9,1,1.0369,0.0848,0.5044,0.7410583333333334,1.0,0.7000416666666666,1.6986,7.7943,0.8813,1.5031,0.0187,47.1283,79.3797,23,1
11,900.0,900.0,6,3,1,1,1.1231,0.1217,0.7176,0.1057,0.9787,1.0,1.0071,5.0408,1.3574,1.9786,0.1929,7.03681,9.25713,0,1
11,900.0,900.0,6,3,1,1,1.1231,0.1217,0.7176,0.1057,0.9787,1.0,1.0071,5.0408,1.3574,1.9786,0.1929,7.03681,9.25713,1,1
11,900.0,900.0,6,3,1,1,1.1231,0.1217,0.7176,0.1057,0.9787,1.0,1.0071,5.0408,1.3574,1.9786,0.1929,7.03681,9.25713,2,1
11,900.0,900.0,6,3,1,1,1.1231,0.1217,0.7176,0.1057,0.9787,1.0,1.0071,5.0408,1.3574,1.9786,0.1929,7.03681,9.25713,3,1
11,900.0,900.0,6,3,1,1,1.1231,0.1217,0.7176,0.1057,0.9787,1.0,1.0071,5.0408,1.3574,1.9786,0.1929,7.03681,9.25713,4,1
11,900.0,900.0,6,3,1,1,1.1231,0.1217,0.7176,0.1057,0.9787,1.0,1.0071,5.0408,1.3574,1.9786,0.1929,7.03681,9.25713,5,1
11,900.0,900.0,6,3,1,1,1.1231,0.1217,0.7176,0.1057,0.9787,1.0,1.0071,5.0408,1.3574,1.9786,0.1929,7.03681,9.25713,6,1
11,900.0,900.0,6,3,1,1,1.1231,0.1217,0.7176,0.1057,0.9787,1.0,1.0071,5.0408,1.3574,1.9786,0.1929,7.03681,9.25713,7,1
11,900.0,900.0,6,3,1,1,1.1231,0.1217,0.7176,0.1057,0.9787,1.0,1.0071,5.0408,1.3574,1.9786,0.1929,7.03681,9.25713,8,1
11,900.0,900.0,6,3,1,1,1.1231,0.1217,0.7176,0.1057,0.9787,1.0,1.0071,5.0408,1.3574,1.9786,0.1929,7.03681,9.25713,9,1
11,900.0,900.0,6,3,1,1,1.1231,0.1217,0.7176,0.1057,0.9787,1.0,1.0071,5.0408,1.3574,1.9786,0.1929,7.03681,9.25713,10,1
11,900.0,900.0,6,3,1,1,1.1231,0.1217,0.7176,0.1057,0.9787,1.0,1.0071,5.0408,1.3574,1.9786,0.1929,7.03681,9.25713,11,1
11,900.0,900.0,6,3,1,1,1.1231,0.1217,0.7176,0.1057,0.9787,1.0,1.0071,5.0408,1.3574,1.9786,0.1929,7.03681,9.25713,12,1
11,900.0,900.0,6,3,1,1,1.1231,0.1217,0.7176,0.1057,0.9787,1.0,1.0071,5.0408,1.3574,1.9786,0.1929,7.03681,9.25713,13,1
11,900.0,900.0,6,3,1,1,1.1231,0.1217,0.7176,0.1057,0.9787,1.0,1.0071,5.0408,1.3574,1.9786,0.1929,7.03681,9.25713,14,1
11,900.0,900.0,6,3,1,1,1.1231,0.1217,0.7176,0.1057,0.9787,1.0,1.0071,5.0408,1.3574,1.9786,0.1929,7.03681,9.25713,15,1
11,900.0,900.0,6,3,1,1,1.1231,0.1217,0.7176,0.1057,0.9787,1.0,1.0071,5.0408,1.3574,1.9786,0.1929,7.03681,9.25713,16,1
11,900.0,900.0,6,3,1,1,1.1231,0.1217,0.7176,0.1057,0.9787,1.0,1.0071,5.0408,1.3574,1.9786,0.1929,7.03681,9.25713,17,1
11,900.0,900.0,6,3,1,1,1.1231,0.1217,0.7176,0.1057,0.9787,1.0,1.0071,5.0408,1.3574,1.9786,0.1929,7.03681,9.25713,18,1
11,900.0,900.0,6,3,1,1,1.1231,0.1217,0.7176,0.1057,0.9787,1.0,1.0071,5.0408,1.3574,1.9786,0.1929,7.03681,9.25713,19,1
11,900.0,900.0,6,3,1,1,1.1231,0.1217,0.7176,0.1057,0.9787,1.0,1.0071,5.0408,1.3574,1.9786,0.1929,7.03681,9.25713,20,1
11,900.0,900.0,6,3,1,1,1.1231,0.1217,0.7176,0.1057,0.9787,1.0,1.0071,5.0408,1.3574,1.9786,0.1929,7.03681,9.25713,21,1
11,900.0,900.0,6,3,1,1,1.1231,0.1217,0.7176,0.1057,0.9787,1.0,1.0071,5.0408,1.3574,1.9786,0.1929,7.03681,9.25713,22,1
11,900.0,900.0,6,3,1,1,1.1231,0.1217,0.7176,0.1057,0.9787,1.0,1.0071,5.0408,1.3574,1.9786,0.1929,7.03681,9.25713,23,1
12,270.0,270.0,13,2,5,1,1.0612,0.1236,0.7384,0.7410583333333334,1.0,0.7000416666666666,0.956,3.6494,0.9902,1.6386,0.0876,11.3037,17.7055,0,1
12,270.0,270.0,13,2,5,1,1.0612,0.1236,0.7384,0.7410583333333334,1.0,0.7000416666666666,0.956,3.6494,0.9902,1.6386,0.0876,11.3037,17.7055,1,1
12,270.0,270.0,13,2,5,1,1.0612,0.1236,0.7384,0.7410583333333334,1.0,0.7000416666666666,0.956,3.6494,0.9902,1.6386,0.0876,11.3037,17.7055,2,1
12,270.0,270.0,13,2,5,1,1.0612,0.1236,0.7384,0.7410583333333334,1.0,0.7000416666666666,0.956,3.6494,0.9902,1.6386,0.0876,11.3037,17.7055,3,1
12,270.0,270.0,13,2,5,1,1.0612,0.1236,0.7384,0.7410583333333334,1.0,0.7000416666666666,0.956,3.6494,0.9902,1.6386,0.0876,11.3037,17.7055,4,1
12,270.0,270.0,13,2,5,1,1.0612,0.1236,0.7384,0.7410583333333334,1.0,0.7000416666666666,0.956,3.6494,0.9902,1.6386,0.0876,11.3037,17.7055,5,1
12,270.0,270.0,13,2,5,1,1.0612,0.1236,0.7384,0.7410583333333334,1.0,0.7000416666666666,0.956,3.6494,0.9902,1.6386,0.0876,11.3037,17.7055,6,1
12,270.0,270.0,13,2,5,1,1.0612,0.1236,0.7384,0.7410583333333334,1.0,0.7000416666666666,0.956,3.6494,0.9902,1.6386,0.0876,11.3037,17.7055,7,1
12,270.0,270.0,13,2,5,1,1.0612,0.1236,0.7384,0.7410583333333334,1.0,0.7000416666666666,0.956,3.6494,0.9902,1.6386,0.0876,11.3037,17.7055,8,1
12,270.0,270.0,13,2,5,1,1.0612,0.1236,0.7384,0.7410583333333334,1.0,0.7000416666666666,0.956,3.6494,0.9902,1.6386,0.0876,11.3037,17.7055,9,1
12,270.0,270.0,13,2,5,1,1.0612,0.1236,0.7384,0.7410583333333334,1.0,0.7000416666666666,0.956,3.6494,0.9902,1.6386,0.0876,11.3037,17.7055,10,1
12,270.0,270.0,13,2,5,1,1.0612,0.1236,0.7384,0.7410583333333334,1.0,0.7000416666666666,0.956,3.6494,0.9902,1.6386,0.0876,11.3037,17.7055,11,1
12,270.0,270.0,13,2,5,1,1.0612,0.1236,0.7384,0.7410583333333334,1.0,0.7000416666666666,0.956,3.6494,0.9902,1.6386,0.0876,11.3037,17.7055,12,1
12,270.0,270.0,13,2,5,1,1.0612,0.1236,0.7384,0.7410583333333334,1.0,0.7000416666666666,0.956,3.6494,0.9902,1.6386,0.0876,11.3037,17.7055,13,1
12,270.0,270.0,13,2,5,1,1.0612,0.1236,0.7384,0.7410583333333334,1.0,0.7000416666666666,0.956,3.6494,0.9902,1.6386,0.0876,11.3037,17.7055,14,1
12,270.0,270.0,13,2,5,1,1.0612,0.1236,0.7384,0.7410583333333334,1.0,0.7000416666666666,0.956,3.6494,0.9902,1.6386,0.0876,11.3037,17.7055,15,1
12,270.0,270.0,13,2,5,1,1.0612,0.1236,0.7384,0.7410583333333334,1.0,0.7000416666666666,0.956,3.6494,0.9902,1.6386,0.0876,11.3037,17.7055,16,1
12,270.0,270.0,13,2,5,1,1.0612,0.1236,0.7384,0.7410583333333334,1.0,0.7000416666666666,0.956,3.6494,0.9902,1.6386,0.0876,11.3037,17.7055,17,1
12,270.0,270.0,13,2,5,1,1.0612,0.1236,0.7384,0.7410583333333334,1.0,0.7000416666666666,0.956,3.6494,0.9902,1.6386,0.0876,11.3037,17.7055,18,1
12,270.0,270.0,13,2,5,1,1.0612,0.1236,0.7384,0.7410583333333334,1.0,0.7000416666666666,0.956,3.6494,0.9902,1.6386,0.0876,11.3037,17.7055,19,1
12,270.0,270.0,13,2,5,1,1.0612,0.1236,0.7384,0.7410583333333334,1.0,0.7000416666666666,0.956,3.6494,0.9902,1.6386,0.0876,11.3037,17.7055,20,1
12,270.0,270.0,13,2,5,1,1.0612,0.1236,0.7384,0.7410583333333334,1.0,0.7000416666666666,0.956,3.6494,0.9902,1.6386,0.0876,11.3037,17.7055,21,1
12,270.0,270.0,13,2,5,1,1.0612,0.1236,0.7384,0.7410583333333334,1.0,0.7000416666666666,0.956,3.6494,0.9902,1.6386,0.0876,11.3037,17.7055,22,1
12,270.0,270.0,13,2,5,1,1.0612,0.1236,0.7384,0.7410583333333334,1.0,0.7000416666666666,0.956,3.6494,0.9902,1.6386,0.0876,11.3037,17.7055,23,1
13,9000.0,18000.0,40,10,0,0,1.9657,0.1093,0.9207,0.9056,0.172,0.3385,0.1802,2.92,3.3219,5.5903,0.2029,16.3721,26.552,0,0
13,9000.0,18000.0,40,10,0,0,1.9657,0.1093,0.9207,0.9056,0.172,0.3385,0.1802,2.92,3.3219,5.5903,0.2029,16.3721,26.552,1,1
13,9000.0,18000.0,40,10,0,0,1.9657,0.1093,0.9207,0.9056,0.172,0.3385,0.1802,2.92,3.3219,5.5903,0.2029,16.3721,26.552,2,1
13,9000.0,18000.0,40,10,0,0,1.9657,0.1093,0.9207,0.9056,0.172,0.3385,0.1802,2.92,3.3219,5.5903,0.2029,16.3721,26.552,3,0
13,9000.0,18000.0,40,10,0,0,1.9657,0.1093,0.9207,0.9056,0.172,0.3385,0.1802,2.92,3.3219,5.5903,0.2029,16.3721,26.552,4,1
13,9000.0,18000.0,40,10,0,0,1.9657,0.1093,0.9207,0.9056,0.172,0.3385,0.1802,2.92,3.3219,5.5903,0.2029,16.3721,26.552,5,0
13,9000.0,18000.0,40,10,0,0,1.9657,0.1093,0.9207,0.9056,0.172,0.3385,0.1802,2.92,3.3219,5.5903,0.2029,16.3721,26.552,6,0
13,9000.0,18000.0,40,10,0,0,1.9657,0.1093,0.9207,0.9056,0.172,0.3385,0.1802,2.92,3.3219,5.5903,0.2029,16.3721,26.552,7,0
13,9000.0,18000.0,40,10,0,0,1.9657,0.1093,0.9207,0.9056,0.172,0.3385,0.1802,2.92,3.3219,5.5903,0.2029,16.3721,26.552,8,1
13,9000.0,18000.0,40,10,0,0,1.9657,0.1093,0.9207,0.9056,0.172,0.3385,0.1802,2.92,3.3219,5.5903,0.2029,16.3721,26.552,9,1
13,9000.0,18000.0,40,10,0,0,1.9657,0.1093,0.9207,0.9056,0.172,0.3385,0.1802,2.92,3.3219,5.5903,0.2029,16.3721,26.552,10,0
13,9000.0,18000.0,40,10,0,0,1.9657,0.1093,0.9207,0.9056,0.172,0.3385,0.1802,2.92,3.3219,5.5903,0.2029,16.3721,26.552,11,0
13,9000.0,18000.0,40,10,0,0,1.9657,0.1093,0.9207,0.9056,0.172,0.3385,0.1802,2.92,3.3219,5.5903,0.2029,16.3721,26.552,12,1
13,9000.0,18000.0,40,10,0,0,1.9657,0.1093,0.9207,0.9056,0.172,0.3385,0.1802,2.92,3.3219,5.5903,0.2029,16.3721,26.552,13,1
13,9000.0,18000.0,40,10,0,0,1.9657,0.1093,0.9207,0.9056,0.172,0.3385,0.1802,2.92,3.3219,5.5903,0.2029,16.3721,26.552,14,0
13,9000.0,18000.0,40,10,0,0,1.9657,0.1093,0.9207,0.9056,0.172,0.3385,0.1802,2.92,3.3219,5.5903,0.2029,16.3721,26.552,15,0
13,9000.0,18000.0,40,10,0,0,1.9657,0.1093,0.9207,0.9056,0.172,0.3385,0.1802,2.92,3.3219,5.5903,0.2029,16.3721,26.552,16,1
13,9000.0,18000.0,40,10,0,0,1.9657,0.1093,0.9207,0.9056,0.172,0.3385,0.1802,2.92,3.3219,5.5903,0.2029,16.3721,26.552,17,0
13,9000.0,18000.0,40,10,0,0,1.9657,0.1093,0.9207,0.9056,0.172,0.3385,0.1802,2.92,3.3219,5.5903,0.2029,16.3721,26.552,18,1
13,9000.0,18000.0,40,10,0,0,1.9657,0.1093,0.9207,0.9056,0.172,0.3385,0.1802,2.92,3.3219,5.5903,0.2029,16.3721,26.552,19,1
13,9000.0,18000.0,40,10,0,0,1.9657,0.1093,0.9207,0.9056,0.172,0.3385,0.1802,2.92,3.3219,5.5903,0.2029,16.3721,26.552,20,1
13,9000.0,18000.0,40,10,0,0,1.9657,0.1093,0.9207,0.9056,0.172,0.3385,0.1802,2.92,3.3219,5.5903,0.2029,16.3721,26.552,21,1
13,9000.0,18000.0,40,10,0,0,1.9657,0.1093,0.9207,0.9056,0.172,0.3385,0.1802,2.92,3.3219,5.5903,0.2029,16.3721,26.552,22,1
13,9000.0,18000.0,40,10,0,0,1.9657,0.1093,0.9207,0.9056,0.172,0.3385,0.1802,2.92,3.3219,5.5903,0.2029,16.3721,26.552,23,1
14,5000.0,20000.0,16,26,0,0,1.8795,0.2577,0.8896,0.8489,0.168,0.321,0.5698,3.5385,4.6996,3.094,0.5189,9.05685,4.96261,0,1
14,5000.0,20000.0,16,26,0,0,1.8795,0.2577,0.8896,0.8489,0.168,0.321,0.5698,3.5385,4.6996,3.094,0.5189,9.05685,4.96261,1,1
14,5000.0,20000.0,16,26,0,0,1.8795,0.2577,0.8896,0.8489,0.168,0.321,0.5698,3.5385,4.6996,3.094,0.5189,9.05685,4.96261,2,1
14,5000.0,20000.0,16,26,0,0,1.8795,0.2577,0.8896,0.8489,0.168,0.321,0.5698,3.5385,4.6996,3.094,0.5189,9.05685,4.96261,3,0
14,5000.0,20000.0,16,26,0,0,1.8795,0.2577,0.8896,0.8489,0.168,0.321,0.5698,3.5385,4.6996,3.094,0.5189,9.05685,4.96261,4,1
14,5000.0,20000.0,16,26,0,0,1.8795,0.2577,0.8896,0.8489,0.168,0.321,0.5698,3.5385,4.6996,3.094,0.5189,9.05685,4.96261,5,1
14,5000.0,20000.0,16,26,0,0,1.8795,0.2577,0.8896,0.8489,0.168,0.321,0.5698,3.5385,4.6996,3.094,0.5189,9.05685,4.96261,6,0
14,5000.0,20000.0,16,26,0,0,1.8795,0.2577,0.8896,0.8489,0.168,0.321,0.5698,3.5385,4.6996,3.094,0.5189,9.05685,4.96261,7,1
14,5000.0,20000.0,16,26,0,0,1.8795,0.2577,0.8896,0.8489,0.168,0.321,0.5698,3.5385,4.6996,3.094,0.5189,9.05685,4.96261,8,0
14,5000.0,20000.0,16,26,0,0,1.8795,0.2577,0.8896,0.8489,0.168,0.321,0.5698,3.5385,4.6996,3.094,0.5189,9.05685,4.96261,9,1
14,5000.0,20000.0,16,26,0,0,1.8795,0.2577,0.8896,0.8489,0.168,0.321,0.5698,3.5385,4.6996,3.094,0.5189,9.05685,4.96261,10,1
14,5000.0,20000.0,16,26,0,0,1.8795,0.2577,0.8896,0.8489,0.168,0.321,0.5698,3.5385,4.6996,3.094,0.5189,9.05685,4.96261,11,0
14,5000.0,20000.0,16,26,0,0,1.8795,0.2577,0.8896,0.8489,0.168,0.321,0.5698,3.5385,4.6996,3.094,0.5189,9.05685,4.96261,12,1
14,5000.0,20000.0,16,26,0,0,1.8795,0.2577,0.8896,0.8489,0.168,0.321,0.5698,3.5385,4.6996,3.094,0.5189,9.05685,4.96261,13,1
14,5000.0,20000.0,16,26,0,0,1.8795,0.2577,0.8896,0.8489,0.168,0.321,0.5698,3.5385,4.6996,3.094,0.5189,9.05685,4.96261,14,0
14,5000.0,20000.0,16,26,0,0,1.8795,0.2577,0.8896,0.8489,0.168,0.321,0.5698,3.5385,4.6996,3.094,0.5189,9.05685,4.96261,15,1
14,5000.0,20000.0,16,26,0,0,1.8795,0.2577,0.8896,0.8489,0.168,0.321,0.5698,3.5385,4.6996,3.094,0.5189,9.05685,4.96261,16,1
14,5000.0,20000.0,16,26,0,0,1.8795,0.2577,0.8896,0.8489,0.168,0.321,0.5698,3.5385,4.6996,3.094,0.5189,9.05685,4.96261,17,1
14,5000.0,20000.0,16,26,0,0,1.8795,0.2577,0.8896,0.8489,0.168,0.321,0.5698,3.5385,4.6996,3.094,0.5189,9.05685,4.96261,18,1
14,5000.0,20000.0,16,26,0,0,1.8795,0.2577,0.8896,0.8489,0.168,0.321,0.5698,3.5385,4.6996,3.094,0.5189,9.05685,4.96261,19,1
14,5000.0,20000.0,16,26,0,0,1.8795,0.2577,0.8896,0.8489,0.168,0.321,0.5698,3.5385,4.6996,3.094,0.5189,9.05685,4.96261,20,1
14,5000.0,20000.0,16,26,0,0,1.8795,0.2577,0.8896,0.8489,0.168,0.321,0.5698,3.5385,4.6996,3.094,0.5189,9.05685,4.96261,21,1
14,5000.0,20000.0,16,26,0,0,1.8795,0.2577,0.8896,0.8489,0.168,0.321,0.5698,3.5385,4.6996,3.094,0.5189,9.05685,4.96261,22,1
14,5000.0,20000.0,16,26,0,0,1.8795,0.2577,0.8896,0.8489,0.168,0.321,0.5698,3.5385,4.6996,3.094,0.5189,9.05685,4.96261,23,1
15,1000.0,3000.0,57,2,0,0,1.0638,0.1216,0.5286,0.7410583333333334,1.0,0.7000416666666666,1.118,6.7738,0.3879,3.83,0.0421,9.21378,89.9739,0,1
15,1000.0,3000.0,57,2,0,0,1.0638,0.1216,0.5286,0.7410583333333334,1.0,0.7000416666666666,1.118,6.7738,0.3879,3.83,0.0421,9.21378,89.9739,1,1
15,1000.0,3000.0,57,2,0,0,1.0638,0.1216,0.5286,0.7410583333333334,1.0,0.7000416666666666,1.118,6.7738,0.3879,3.83,0.0421,9.21378,89.9739,2,1
15,1000.0,3000.0,57,2,0,0,1.0638,0.1216,0.5286,0.7410583333333334,1.0,0.7000416666666666,1.118,6.7738,0.3879,3.83,0.0421,9.21378,89.9739,3,1
15,1000.0,3000.0,57,2,0,0,1.0638,0.1216,0.5286,0.7410583333333334,1.0,0.7000416666666666,1.118,6.7738,0.3879,3.83,0.0421,9.21378,89.9739,4,1
15,1000.0,3000.0,57,2,0,0,1.0638,0.1216,0.5286,0.7410583333333334,1.0,0.7000416666666666,1.118,6.7738,0.3879,3.83,0.0421,9.21378,89.9739,5,1
15,1000.0,3000.0,57,2,0,0,1.0638,0.1216,0.5286,0.7410583333333334,1.0,0.7000416666666666,1.118,6.7738,0.3879,3.83,0.0421,9.21378,89.9739,6,1
15,1000.0,3000.0,57,2,0,0,1.0638,0.1216,0.5286,0.7410583333333334,1.0,0.7000416666666666,1.118,6.7738,0.3879,3.83,0.0421,9.21378,89.9739,7,1
15,1000.0,3000.0,57,2,0,0,1.0638,0.1216,0.5286,0.7410583333333334,1.0,0.7000416666666666,1.118,6.7738,0.3879,3.83,0.0421,9.21378,89.9739,8,0
15,1000.0,3000.0,57,2,0,0,1.0638,0.1216,0.5286,0.7410583333333334,1.0,0.7000416666666666,1.118,6.7738,0.3879,3.83,0.0421,9.21378,89.9739,9,1
15,1000.0,3000.0,57,2,0,0,1.0638,0.1216,0.5286,0.7410583333333334,1.0,0.7000416666666666,1.118,6.7738,0.3879,3.83,0.0421,9.21378,89.9739,10,1
15,1000.0,3000.0,57,2,0,0,1.0638,0.1216,0.5286,0.7410583333333334,1.0,0.7000416666666666,1.118,6.7738,0.3879,3.83,0.0421,9.21378,89.9739,11,1
15,1000.0,3000.0,57,2,0,0,1.0638,0.1216,0.5286,0.7410583333333334,1.0,0.7000416666666666,1.118,6.7738,0.3879,3.83,0.0421,9.21378,89.9739,12,1
15,1000.0,3000.0,57,2,0,0,1.0638,0.1216,0.5286,0.7410583333333334,1.0,0.7000416666666666,1.118,6.7738,0.3879,3.83,0.0421,9.21378,89.9739,13,1
15,1000.0,3000.0,57,2,0,0,1.0638,0.1216,0.5286,0.7410583333333334,1.0,0.7000416666666666,1.118,6.7738,0.3879,3.83,0.0421,9.21378,89.9739,14,1
15,1000.0,3000.0,57,2,0,0,1.0638,0.1216,0.5286,0.7410583333333334,1.0,0.7000416666666666,1.118,6.7738,0.3879,3.83,0.0421,9.21378,89.9739,15,1
15,1000.0,3000.0,57,2,0,0,1.0638,0.1216,0.5286,0.7410583333333334,1.0,0.7000416666666666,1.118,6.7738,0.3879,3.83,0.0421,9.21378,89.9739,16,1
15,1000.0,3000.0,57,2,0,0,1.0638,0.1216,0.5286,0.7410583333333334,1.0,0.7000416666666666,1.118,6.7738,0.3879,3.83,0.0421,9.21378,89.9739,17,1
15,1000.0,3000.0,57,2,0,0,1.0638,0.1216,0.5286,0.7410583333333334,1.0,0.7000416666666666,1.118,6.7738,0.3879,3.83,0.0421,9.21378,89.9739,18,1
15,1000.0,3000.0,57,2,0,0,1.0638,0.1216,0.5286,0.7410583333333334,1.0,0.7000416666666666,1.118,6.7738,0.3879,3.83,0.0421,9.21378,89.9739,19,1
15,1000.0,3000.0,57,2,0,0,1.0638,0.1216,0.5286,0.7410583333333334,1.0,0.7000416666666666,1.118,6.7738,0.3879,3.83,0.0421,9.21378,89.9739,20,1
15,1000.0,3000.0,57,2,0,0,1.0638,0.1216,0.5286,0.7410583333333334,1.0,0.7000416666666666,1.118,6.7738,0.3879,3.83,0.0421,9.21378,89.9739,21,1
15,1000.0,3000.0,57,2,0,0,1.0638,0.1216,0.5286,0.7410583333333334,1.0,0.7000416666666666,1.118,6.7738,0.3879,3.83,0.0421,9.21378,89.9739,22,1
15,1000.0,3000.0,57,2,0,0,1.0638,0.1216,0.5286,0.7410583333333334,1.0,0.7000416666666666,1.118,6.7738,0.3879,3.83,0.0421,9.21378,89.9739,23,1
16,2000.0,6435.0,36,6,0,0,1.297,0.5977,0.9366,0.9332,0.3586,0.7146,0.7316,4.1737,2.4734,5.5759,0.9443,2.61929,4.9048,0,1
16,2000.0,6435.0,36,6,0,0,1.297,0.5977,0.9366,0.9332,0.3586,0.7146,0.7316,4.1737,2.4734,5.5759,0.9443,2.61929,4.9048,1,1
16,2000.0,6435.0,36,6,0,0,1.297,0.5977,0.9366,0.9332,0.3586,0.7146,0.7316,4.1737,2.4734,5.5759,0.9443,2.61929,4.9048,2,1
16,2000.0,6435.0,36,6,0,0,1.297,0.5977,0.9366,0.9332,0.3586,0.7146,0.7316,4.1737,2.4734,5.5759,0.9443,2.61929,4.9048,3,1
16,2000.0,6435.0,36,6,0,0,1.297,0.5977,0.9366,0.9332,0.3586,0.7146,0.7316,4.1737,2.4734,5.5759,0.9443,2.61929,4.9048,4,1
16,2000.0,6435.0,36,6,0,0,1.297,0.5977,0.9366,0.9332,0.3586,0.7146,0.7316,4.1737,2.4734,5.5759,0.9443,2.61929,4.9048,5,1
16,2000.0,6435.0,36,6,0,0,1.297,0.5977,0.9366,0.9332,0.3586,0.7146,0.7316,4.1737,2.4734,5.5759,0.9443,2.61929,4.9048,6,1
16,2000.0,6435.0,36,6,0,0,1.297,0.5977,0.9366,0.9332,0.3586,0.7146,0.7316,4.1737,2.4734,5.5759,0.9443,2.61929,4.9048,7,1
16,2000.0,6435.0,36,6,0,0,1.297,0.5977,0.9366,0.9332,0.3586,0.7146,0.7316,4.1737,2.4734,5.5759,0.9443,2.61929,4.9048,8,1
16,2000.0,6435.0,36,6,0,0,1.297,0.5977,0.9366,0.9332,0.3586,0.7146,0.7316,4.1737,2.4734,5.5759,0.9443,2.61929,4.9048,9,1
16,2000.0,6435.0,36,6,0,0,1.297,0.5977,0.9366,0.9332,0.3586,0.7146,0.7316,4.1737,2.4734,5.5759,0.9443,2.61929,4.9048,10,1
16,2000.0,6435.0,36,6,0,0,1.297,0.5977,0.9366,0.9332,0.3586,0.7146,0.7316,4.1737,2.4734,5.5759,0.9443,2.61929,4.9048,11,0
16,2000.0,6435.0,36,6,0,0,1.297,0.5977,0.9366,0.9332,0.3586,0.7146,0.7316,4.1737,2.4734,5.5759,0.9443,2.61929,4.9048,12,1
16,2000.0,6435.0,36,6,0,0,1.297,0.5977,0.9366,0.9332,0.3586,0.7146,0.7316,4.1737,2.4734,5.5759,0.9443,2.61929,4.9048,13,1
16,2000.0,6435.0,36,6,0,0,1.297,0.5977,0.9366,0.9332,0.3586,0.7146,0.7316,4.1737,2.4734,5.5759,0.9443,2.61929,4.9048,14,0
16,2000.0,6435.0,36,6,0,0,1.297,0.5977,0.9366,0.9332,0.3586,0.7146,0.7316,4.1737,2.4734,5.5759,0.9443,2.61929,4.9048,15,1
16,2000.0,6435.0,36,6,0,0,1.297,0.5977,0.9366,0.9332,0.3586,0.7146,0.7316,4.1737,2.4734,5.5759,0.9443,2.61929,4.9048,16,1
16,2000.0,6435.0,36,6,0,0,1.297,0.5977,0.9366,0.9332,0.3586,0.7146,0.7316,4.1737,2.4734,5.5759,0.9443,2.61929,4.9048,17,1
16,2000.0,6435.0,36,6,0,0,1.297,0.5977,0.9366,0.9332,0.3586,0.7146,0.7316,4.1737,2.4734,5.5759,0.9443,2.61929,4.9048,18,1
16,2000.0,6435.0,36,6,0,0,1.297,0.5977,0.9366,0.9332,0.3586,0.7146,0.7316,4.1737,2.4734,5.5759,0.9443,2.61929,4.9048,19,1
16,2000.0,6435.0,36,6,0,0,1.297,0.5977,0.9366,0.9332,0.3586,0.7146,0.7316,4.1737,2.4734,5.5759,0.9443,2.61929,4.9048,20,1
16,2000.0,6435.0,36,6,0,0,1.297,0.5977,0.9366,0.9332,0.3586,0.7146,0.7316,4.1737,2.4734,5.5759,0.9443,2.61929,4.9048,21,1
16,2000.0,6435.0,36,6,0,0,1.297,0.5977,0.9366,0.9332,0.3586,0.7146,0.7316,4.1737,2.4734,5.5759,0.9443,2.61929,4.9048,22,1
16,2000.0,6435.0,36,6,0,0,1.297,0.5977,0.9366,0.9332,0.3586,0.7146,0.7316,4.1737,2.4734,5.5759,0.9443,2.61929,4.9048,23,1
17,2310.0,2310.0,11,7,0,0,4.0014,0.1425,0.976,0.9623,0.3098,0.611,2.958,24.4813,2.8072,3.0787,0.6672,4.20743,3.61436,0,1
17,2310.0,2310.0,11,7,0,0,4.0014,0.1425,0.976,0.9623,0.3098,0.611,2.958,24.4813,2.8072,3.0787,0.6672,4.20743,3.61436,1,1
17,2310.0,2310.0,11,7,0,0,4.0014,0.1425,0.976,0.9623,0.3098,0.611,2.958,24.4813,2.8072,3.0787,0.6672,4.20743,3.61436,2,1
17,2310.0,2310.0,11,7,0,0,4.0014,0.1425,0.976,0.9623,0.3098,0.611,2.958,24.4813,2.8072,3.0787,0.6672,4.20743,3.61436,3,1
17,2310.0,2310.0,11,7,0,0,4.0014,0.1425,0.976,0.9623,0.3098,0.611,2.958,24.4813,2.8072,3.0787,0.6672,4.20743,3.61436,4,1
17,2310.0,2310.0,11,7,0,0,4.0014,0.1425,0.976,0.9623,0.3098,0.611,2.958,24.4813,2.8072,3.0787,0.6672,4.20743,3.61436,5,1
17,2310.0,2310.0,11,7,0,0,4.0014,0.1425,0.976,0.9623,0.3098,0.611,2.958,24.4813,2.8072,3.0787,0.6672,4.20743,3.61436,6,1
17,2310.0,2310.0,11,7,0,0,4.0014,0.1425,0.976,0.9623,0.3098,0.611,2.958,24.4813,2.8072,3.0787,0.6672,4.20743,3.61436,7,1
17,2310.0,2310.0,11,7,0,0,4.0014,0.1425,0.976,0.9623,0.3098,0.611,2.958,24.4813,2.8072,3.0787,0.6672,4.20743,3.61436,8,0
17,2310.0,2310.0,11,7,0,0,4.0014,0.1425,0.976,0.9623,0.3098,0.611,2.958,24.4813,2.8072,3.0787,0.6672,4.20743,3.61436,9,1
17,2310.0,2310.0,11,7,0,0,4.0014,0.1425,0.976,0.9623,0.3098,0.611,2.958,24.4813,2.8072,3.0787,0.6672,4.20743,3.61436,10,1
17,2310.0,2310.0,11,7,0,0,4.0014,0.1425,0.976,0.9623,0.3098,0.611,2.958,24.4813,2.8072,3.0787,0.6672,4.20743,3.61436,11,0
17,2310.0,2310.0,11,7,0,0,4.0014,0.1425,0.976,0.9623,0.3098,0.611,2.958,24.4813,2.8072,3.0787,0.6672,4.20743,3.61436,12,1
17,2310.0,2310.0,11,7,0,0,4.0014,0.1425,0.976,0.9623,0.3098,0.611,2.958,24.4813,2.8072,3.0787,0.6672,4.20743,3.61436,13,1
17,2310.0,2310.0,11,7,0,0,4.0014,0.1425,0.976,0.9623,0.3098,0.611,2.958,24.4813,2.8072,3.0787,0.6672,4.20743,3.61436,14,0
17,2310.0,2310.0,11,7,0,0,4.0014,0.1425,0.976,0.9623,0.3098,0.611,2.958,24.4813,2.8072,3.0787,0.6672,4.20743,3.61436,15,1
17,2310.0,2310.0,11,7,0,0,4.0014,0.1425,0.976,0.9623,0.3098,0.611,2.958,24.4813,2.8072,3.0787,0.6672,4.20743,3.61436,16,1
17,2310.0,2310.0,11,7,0,0,4.0014,0.1425,0.976,0.9623,0.3098,0.611,2.958,24.4813,2.8072,3.0787,0.6672,4.20743,3.61436,17,1
17,2310.0,2310.0,11,7,0,0,4.0014,0.1425,0.976,0.9623,0.3098,0.611,2.958,24.4813,2.8072,3.0787,0.6672,4.20743,3.61436,18,1
17,2310.0,2310.0,11,7,0,0,4.0014,0.1425,0.976,0.9623,0.3098,0.611,2.958,24.4813,2.8072,3.0787,0.6672,4.20743,3.61436,19,1
17,2310.0,2310.0,11,7,0,0,4.0014,0.1425,0.976,0.9623,0.3098,0.611,2.958,24.4813,2.8072,3.0787,0.6672,4.20743,3.61436,20,1
17,2310.0,2310.0,11,7,0,0,4.0014,0.1425,0.976,0.9623,0.3098,0.611,2.958,24.4813,2.8072,3.0787,0.6672,4.20743,3.61436,21,1
17,2310.0,2310.0,11,7,0,0,4.0014,0.1425,0.976,0.9623,0.3098,0.611,2.958,24.4813,2.8072,3.0787,0.6672,4.20743,3.61436,22,1
17,2310.0,2310.0,11,7,0,0,4.0014,0.1425,0.976,0.9623,0.3098,0.611,2.958,24.4813,2.8072,3.0787,0.6672,4.20743,3.61436,23,1
18,14500.0,58000.0,9,7,0,0,1.6067,0.3558,0.9668,0.6968,0.6252,0.9499,4.4371,160.311,0.9653,3.4271,0.3348,2.88321,9.23626,0,1
18,14500.0,58000.0,9,7,0,0,1.6067,0.3558,0.9668,0.6968,0.6252,0.9499,4.4371,160.311,0.9653,3.4271,0.3348,2.88321,9.23626,1,1
18,14500.0,58000.0,9,7,0,0,1.6067,0.3558,0.9668,0.6968,0.6252,0.9499,4.4371,160.311,0.9653,3.4271,0.3348,2.88321,9.23626,2,1
18,14500.0,58000.0,9,7,0,0,1.6067,0.3558,0.9668,0.6968,0.6252,0.9499,4.4371,160.311,0.9653,3.4271,0.3348,2.88321,9.23626,3,0
18,14500.0,58000.0,9,7,0,0,1.6067,0.3558,0.9668,0.6968,0.6252,0.9499,4.4371,160.311,0.9653,3.4271,0.3348,2.88321,9.23626,4,1
18,14500.0,58000.0,9,7,0,0,1.6067,0.3558,0.9668,0.6968,0.6252,0.9499,4.4371,160.311,0.9653,3.4271,0.3348,2.88321,9.23626,5,1
18,14500.0,58000.0,9,7,0,0,1.6067,0.3558,0.9668,0.6968,0.6252,0.9499,4.4371,160.311,0.9653,3.4271,0.3348,2.88321,9.23626,6,1
18,14500.0,58000.0,9,7,0,0,1.6067,0.3558,0.9668,0.6968,0.6252,0.9499,4.4371,160.311,0.9653,3.4271,0.3348,2.88321,9.23626,7,1
18,14500.0,58000.0,9,7,0,0,1.6067,0.3558,0.9668,0.6968,0.6252,0.9499,4.4371,160.311,0.9653,3.4271,0.3348,2.88321,9.23626,8,0
18,14500.0,58000.0,9,7,0,0,1.6067,0.3558,0.9668,0.6968,0.6252,0.9499,4.4371,160.311,0.9653,3.4271,0.3348,2.88321,9.23626,9,0
18,14500.0,58000.0,9,7,0,0,1.6067,0.3558,0.9668,0.6968,0.6252,0.9499,4.4371,160.311,0.9653,3.4271,0.3348,2.88321,9.23626,10,1
18,14500.0,58000.0,9,7,0,0,1.6067,0.3558,0.9668,0.6968,0.6252,0.9499,4.4371,160.311,0.9653,3.4271,0.3348,2.88321,9.23626,11,0
18,14500.0,58000.0,9,7,0,0,1.6067,0.3558,0.9668,0.6968,0.6252,0.9499,4.4371,160.311,0.9653,3.4271,0.3348,2.88321,9.23626,12,1
18,14500.0,58000.0,9,7,0,0,1.6067,0.3558,0.9668,0.6968,0.6252,0.9499,4.4371,160.311,0.9653,3.4271,0.3348,2.88321,9.23626,13,0
18,14500.0,58000.0,9,7,0,0,1.6067,0.3558,0.9668,0.6968,0.6252,0.9499,4.4371,160.311,0.9653,3.4271,0.3348,2.88321,9.23626,14,1
18,14500.0,58000.0,9,7,0,0,1.6067,0.3558,0.9668,0.6968,0.6252,0.9499,4.4371,160.311,0.9653,3.4271,0.3348,2.88321,9.23626,15,1
18,14500.0,58000.0,9,7,0,0,1.6067,0.3558,0.9668,0.6968,0.6252,0.9499,4.4371,160.311,0.9653,3.4271,0.3348,2.88321,9.23626,16,1
18,14500.0,58000.0,9,7,0,0,1.6067,0.3558,0.9668,0.6968,0.6252,0.9499,4.4371,160.311,0.9653,3.4271,0.3348,2.88321,9.23626,17,0
18,14500.0,58000.0,9,7,0,0,1.6067,0.3558,0.9668,0.6968,0.6252,0.9499,4.4371,160.311,0.9653,3.4271,0.3348,2.88321,9.23626,18,1
18,14500.0,58000.0,9,7,0,0,1.6067,0.3558,0.9668,0.6968,0.6252,0.9499,4.4371,160.311,0.9653,3.4271,0.3348,2.88321,9.23626,19,0
18,14500.0,58000.0,9,7,0,0,1.6067,0.3558,0.9668,0.6968,0.6252,0.9499,4.4371,160.311,0.9653,3.4271,0.3348,2.88321,9.23626,20,1
18,14500.0,58000.0,9,7,0,0,1.6067,0.3558,0.9668,0.6968,0.6252,0.9499,4.4371,160.311,0.9653,3.4271,0.3348,2.88321,9.23626,21,0
18,14500.0,58000.0,9,7,0,0,1.6067,0.3558,0.9668,0.6968,0.6252,0.9499,4.4371,160.311,0.9653,3.4271,0.3348,2.88321,9.23626,22,0
18,14500.0,58000.0,9,7,0,0,1.6067,0.3558,0.9668,0.6968,0.6252,0.9499,4.4371,160.311,0.9653,3.4271,0.3348,2.88321,9.23626,23,1
19,2580.0,7078.0,56,91,0,0,2.2442,0.23683809523809524,0.9165,0.6818,0.5575,0.866,6.7156,108.296,4.8787,0.3672,0.1815,26.8799,1.02314,0,1
19,2580.0,7078.0,56,91,0,0,2.2442,0.23683809523809524,0.9165,0.6818,0.5575,0.866,6.7156,108.296,4.8787,0.3672,0.1815,26.8799,1.02314,1,0
19,2580.0,7078.0,56,91,0,0,2.2442,0.23683809523809524,0.9165,0.6818,0.5575,0.866,6.7156,108.296,4.8787,0.3672,0.1815,26.8799,1.02314,2,0
19,2580.0,7078.0,56,91,0,0,2.2442,0.23683809523809524,0.9165,0.6818,0.5575,0.866,6.7156,108.296,4.8787,0.3672,0.1815,26.8799,1.02314,3,1
19,2580.0,7078.0,56,91,0,0,2.2442,0.23683809523809524,0.9165,0.6818,0.5575,0.866,6.7156,108.296,4.8787,0.3672,0.1815,26.8799,1.02314,4,1
19,2580.0,7078.0,56,91,0,0,2.2442,0.23683809523809524,0.9165,0.6818,0.5575,0.866,6.7156,108.296,4.8787,0.3672,0.1815,26.8799,1.02314,5,1
19,2580.0,7078.0,56,91,0,0,2.2442,0.23683809523809524,0.9165,0.6818,0.5575,0.866,6.7156,108.296,4.8787,0.3672,0.1815,26.8799,1.02314,6,0
19,2580.0,7078.0,56,91,0,0,2.2442,0.23683809523809524,0.9165,0.6818,0.5575,0.866,6.7156,108.296,4.8787,0.3672,0.1815,26.8799,1.02314,7,1
19,2580.0,7078.0,56,91,0,0,2.2442,0.23683809523809524,0.9165,0.6818,0.5575,0.866,6.7156,108.296,4.8787,0.3672,0.1815,26.8799,1.02314,8,0
19,2580.0,7078.0,56,91,0,0,2.2442,0.23683809523809524,0.9165,0.6818,0.5575,0.866,6.7156,108.296,4.8787,0.3672,0.1815,26.8799,1.02314,9,0
19,2580.0,7078.0,56,91,0,0,2.2442,0.23683809523809524,0.9165,0.6818,0.5575,0.866,6.7156,108.296,4.8787,0.3672,0.1815,26.8799,1.02314,10,1
19,2580.0,7078.0,56,91,0,0,2.2442,0.23683809523809524,0.9165,0.6818,0.5575,0.866,6.7156,108.296,4.8787,0.3672,0.1815,26.8799,1.02314,11,0
19,2580.0,7078.0,56,91,0,0,2.2442,0.23683809523809524,0.9165,0.6818,0.5575,0.866,6.7156,108.296,4.8787,0.3672,0.1815,26.8799,1.02314,12,1
19,2580.0,7078.0,56,91,0,0,2.2442,0.23683809523809524,0.9165,0.6818,0.5575,0.866,6.7156,108.296,4.8787,0.3672,0.1815,26.8799,1.02314,13,1
19,2580.0,7078.0,56,91,0,0,2.2442,0.23683809523809524,0.9165,0.6818,0.5575,0.866,6.7156,108.296,4.8787,0.3672,0.1815,26.8799,1.02314,14,0
19,2580.0,7078.0,56,91,0,0,2.2442,0.23683809523809524,0.9165,0.6818,0.5575,0.866,6.7156,108.296,4.8787,0.3672,0.1815,26.8799,1.02314,15,1
19,2580.0,7078.0,56,91,0,0,2.2442,0.23683809523809524,0.9165,0.6818,0.5575,0.866,6.7156,108.296,4.8787,0.3672,0.1815,26.8799,1.02314,16,1
19,2580.0,7078.0,56,91,0,0,2.2442,0.23683809523809524,0.9165,0.6818,0.5575,0.866,6.7156,108.296,4.8787,0.3672,0.1815,26.8799,1.02314,17,1
19,2580.0,7078.0,56,91,0,0,2.2442,0.23683809523809524,0.9165,0.6818,0.5575,0.866,6.7156,108.296,4.8787,0.3672,0.1815,26.8799,1.02314,18,1
19,2580.0,7078.0,56,91,0,0,2.2442,0.23683809523809524,0.9165,0.6818,0.5575,0.866,6.7156,108.296,4.8787,0.3672,0.1815,26.8799,1.02314,19,1
19,2580.0,7078.0,56,91,0,0,2.2442,0.23683809523809524,0.9165,0.6818,0.5575,0.866,6.7156,108.296,4.8787,0.3672,0.1815,26.8799,1.02314,20,1
19,2580.0,7078.0,56,91,0,0,2.2442,0.23683809523809524,0.9165,0.6818,0.5575,0.866,6.7156,108.296,4.8787,0.3672,0.1815,26.8799,1.02314,21,1
19,2580.0,7078.0,56,91,0,0,2.2442,0.23683809523809524,0.9165,0.6818,0.5575,0.866,6.7156,108.296,4.8787,0.3672,0.1815,26.8799,1.02314,22,1
19,2580.0,7078.0,56,91,0,0,2.2442,0.23683809523809524,0.9165,0.6818,0.5575,0.866,6.7156,108.296,4.8787,0.3672,0.1815,26.8799,1.02314,23,1
20,1499.0,4999.0,14,2,0,0,1.1316,0.3676,0.7792,0.7410583333333334,1.0,0.7000416666666666,0.6483,4.3322,0.9998,3.8755,0.285,3.50807,12.5982,0,1
20,1499.0,4999.0,14,2,0,0,1.1316,0.3676,0.7792,0.7410583333333334,1.0,0.7000416666666666,0.6483,4.3322,0.9998,3.8755,0.285,3.50807,12.5982,1,1
20,1499.0,4999.0,14,2,0,0,1.1316,0.3676,0.7792,0.7410583333333334,1.0,0.7000416666666666,0.6483,4.3322,0.9998,3.8755,0.285,3.50807,12.5982,2,1
20,1499.0,4999.0,14,2,0,0,1.1316,0.3676,0.7792,0.7410583333333334,1.0,0.7000416666666666,0.6483,4.3322,0.9998,3.8755,0.285,3.50807,12.5982,3,1
20,1499.0,4999.0,14,2,0,0,1.1316,0.3676,0.7792,0.7410583333333334,1.0,0.7000416666666666,0.6483,4.3322,0.9998,3.8755,0.285,3.50807,12.5982,4,1
20,1499.0,4999.0,14,2,0,0,1.1316,0.3676,0.7792,0.7410583333333334,1.0,0.7000416666666666,0.6483,4.3322,0.9998,3.8755,0.285,3.50807,12.5982,5,1
20,1499.0,4999.0,14,2,0,0,1.1316,0.3676,0.7792,0.7410583333333334,1.0,0.7000416666666666,0.6483,4.3322,0.9998,3.8755,0.285,3.50807,12.5982,6,1
20,1499.0,4999.0,14,2,0,0,1.1316,0.3676,0.7792,0.7410583333333334,1.0,0.7000416666666666,0.6483,4.3322,0.9998,3.8755,0.285,3.50807,12.5982,7,1
20,1499.0,4999.0,14,2,0,0,1.1316,0.3676,0.7792,0.7410583333333334,1.0,0.7000416666666666,0.6483,4.3322,0.9998,3.8755,0.285,3.50807,12.5982,8,0
20,1499.0,4999.0,14,2,0,0,1.1316,0.3676,0.7792,0.7410583333333334,1.0,0.7000416666666666,0.6483,4.3322,0.9998,3.8755,0.285,3.50807,12.5982,9,1
20,1499.0,4999.0,14,2,0,0,1.1316,0.3676,0.7792,0.7410583333333334,1.0,0.7000416666666666,0.6483,4.3322,0.9998,3.8755,0.285,3.50807,12.5982,10,1
20,1499.0,4999.0,14,2,0,0,1.1316,0.3676,0.7792,0.7410583333333334,1.0,0.7000416666666666,0.6483,4.3322,0.9998,3.8755,0.285,3.50807,12.5982,11,1
20,1499.0,4999.0,14,2,0,0,1.1316,0.3676,0.7792,0.7410583333333334,1.0,0.7000416666666666,0.6483,4.3322,0.9998,3.8755,0.285,3.50807,12.5982,12,1
20,1499.0,4999.0,14,2,0,0,1.1316,0.3676,0.7792,0.7410583333333334,1.0,0.7000416666666666,0.6483,4.3322,0.9998,3.8755,0.285,3.50807,12.5982,13,1
20,1499.0,4999.0,14,2,0,0,1.1316,0.3676,0.7792,0.7410583333333334,1.0,0.7000416666666666,0.6483,4.3322,0.9998,3.8755,0.285,3.50807,12.5982,14,1
20,1499.0,4999.0,14,2,0,0,1.1316,0.3676,0.7792,0.7410583333333334,1.0,0.7000416666666666,0.6483,4.3322,0.9998,3.8755,0.285,3.50807,12.5982,15,1
20,1499.0,4999.0,14,2,0,0,1.1316,0.3676,0.7792,0.7410583333333334,1.0,0.7000416666666666,0.6483,4.3322,0.9998,3.8755,0.285,3.50807,12.5982,16,1
20,1499.0,4999.0,14,2,0,0,1.1316,0.3676,0.7792,0.7410583333333334,1.0,0.7000416666666666,0.6483,4.3322,0.9998,3.8755,0.285,3.50807,12.5982,17,1
20,1499.0,4999.0,14,2,0,0,1.1316,0.3676,0.7792,0.7410583333333334,1.0,0.7000416666666666,0.6483,4.3322,0.9998,3.8755,0.285,3.50807,12.5982,18,1
20,1499.0,4999.0,14,2,0,0,1.1316,0.3676,0.7792,0.7410583333333334,1.0,0.7000416666666666,0.6483,4.3322,0.9998,3.8755,0.285,3.50807,12.5982,19,1
20,1499.0,4999.0,14,2,0,0,1.1316,0.3676,0.7792,0.7410583333333334,1.0,0.7000416666666666,0.6483,4.3322,0.9998,3.8755,0.285,3.50807,12.5982,20,1
20,1499.0,4999.0,14,2,0,0,1.1316,0.3676,0.7792,0.7410583333333334,1.0,0.7000416666666666,0.6483,4.3322,0.9998,3.8755,0.285,3.50807,12.5982,21,1
20,1499.0,4999.0,14,2,0,0,1.1316,0.3676,0.7792,0.7410583333333334,1.0,0.7000416666666666,0.6483,4.3322,0.9998,3.8755,0.285,3.50807,12.5982,22,1
20,1499.0,4999.0,14,2,0,0,1.1316,0.3676,0.7792,0.7410583333333334,1.0,0.7000416666666666,0.6483,4.3322,0.9998,3.8755,0.285,3.50807,12.5982,23,1
21,846.0,846.0,18,4,0,0,1.5392,0.4828,0.842,0.8189,0.4696,0.9139,0.8282,5.18,1.9979,4.2472,0.3538,5.64698,11.0045,0,1
21,846.0,846.0,18,4,0,0,1.5392,0.4828,0.842,0.8189,0.4696,0.9139,0.8282,5.18,1.9979,4.2472,0.3538,5.64698,11.0045,1,1
21,846.0,846.0,18,4,0,0,1.5392,0.4828,0.842,0.8189,0.4696,0.9139,0.8282,5.18,1.9979,4.2472,0.3538,5.64698,11.0045,2,1
21,846.0,846.0,18,4,0,0,1.5392,0.4828,0.842,0.8189,0.4696,0.9139,0.8282,5.18,1.9979,4.2472,0.3538,5.64698,11.0045,3,1
21,846.0,846.0,18,4,0,0,1.5392,0.4828,0.842,0.8189,0.4696,0.9139,0.8282,5.18,1.9979,4.2472,0.3538,5.64698,11.0045,4,1
21,846.0,846.0,18,4,0,0,1.5392,0.4828,0.842,0.8189,0.4696,0.9139,0.8282,5.18,1.9979,4.2472,0.3538,5.64698,11.0045,5,1
21,846.0,846.0,18,4,0,0,1.5392,0.4828,0.842,0.8189,0.4696,0.9139,0.8282,5.18,1.9979,4.2472,0.3538,5.64698,11.0045,6,1
21,846.0,846.0,18,4,0,0,1.5392,0.4828,0.842,0.8189,0.4696,0.9139,0.8282,5.18,1.9979,4.2472,0.3538,5.64698,11.0045,7,1
21,846.0,846.0,18,4,0,0,1.5392,0.4828,0.842,0.8189,0.4696,0.9139,0.8282,5.18,1.9979,4.2472,0.3538,5.64698,11.0045,8,1
21,846.0,846.0,18,4,0,0,1.5392,0.4828,0.842,0.8189,0.4696,0.9139,0.8282,5.18,1.9979,4.2472,0.3538,5.64698,11.0045,9,1
21,846.0,846.0,18,4,0,0,1.5392,0.4828,0.842,0.8189,0.4696,0.9139,0.8282,5.18,1.9979,4.2472,0.3538,5.64698,11.0045,10,1
21,846.0,846.0,18,4,0,0,1.5392,0.4828,0.842,0.8189,0.4696,0.9139,0.8282,5.18,1.9979,4.2472,0.3538,5.64698,11.0045,11,1
21,846.0,846.0,18,4,0,0,1.5392,0.4828,0.842,0.8189,0.4696,0.9139,0.8282,5.18,1.9979,4.2472,0.3538,5.64698,11.0045,12,1
21,846.0,846.0,18,4,0,0,1.5392,0.4828,0.842,0.8189,0.4696,0.9139,0.8282,5.18,1.9979,4.2472,0.3538,5.64698,11.0045,13,1
21,846.0,846.0,18,4,0,0,1.5392,0.4828,0.842,0.8189,0.4696,0.9139,0.8282,5.18,1.9979,4.2472,0.3538,5.64698,11.0045,14,1
21,846.0,846.0,18,4,0,0,1.5392,0.4828,0.842,0.8189,0.4696,0.9139,0.8282,5.18,1.9979,4.2472,0.3538,5.64698,11.0045,15,1
21,846.0,846.0,18,4,0,0,1.5392,0.4828,0.842,0.8189,0.4696,0.9139,0.8282,5.18,1.9979,4.2472,0.3538,5.64698,11.0045,16,1
21,846.0,846.0,18,4,0,0,1.5392,0.4828,0.842,0.8189,0.4696,0.9139,0.8282,5.18,1.9979,4.2472,0.3538,5.64698,11.0045,17,1
21,846.0,846.0,18,4,0,0,1.5392,0.4828,0.842,0.8189,0.4696,0.9139,0.8282,5.18,1.9979,4.2472,0.3538,5.64698,11.0045,18,1
21,846.0,846.0,18,4,0,0,1.5392,0.4828,0.842,0.8189,0.4696,0.9139,0.8282,5.18,1.9979,4.2472,0.3538,5.64698,11.0045,19,1
21,846.0,846.0,18,4,0,0,1.5392,0.4828,0.842,0.8189,0.4696,0.9139,0.8282,5.18,1.9979,4.2472,0.3538,5.64698,11.0045,20,1
21,846.0,846.0,18,4,0,0,1.5392,0.4828,0.842,0.8189,0.4696,0.9139,0.8282,5.18,1.9979,4.2472,0.3538,5.64698,11.0045,21,1
21,846.0,846.0,18,4,0,0,1.5392,0.4828,0.842,0.8189,0.4696,0.9139,0.8282,5.18,1.9979,4.2472,0.3538,5.64698,11.0045,22,1
21,846.0,846.0,18,4,0,0,1.5392,0.4828,0.842,0.8189,0.4696,0.9139,0.8282,5.18,1.9979,4.2472,0.3538,5.64698,11.0045,23,1
